index;Date;FIP;Meat;Dairy;Cereals;Oils;Sugar;Year;Month;Quarter;Decade;FIP_lag_1;FIP_lag_2;FIP_lag_3;FIP_lag_6;FIP_lag_12;FIP_MA3;FIP_MA6;FIP_MA12;Month_sin;Month_cos
3;1990-01-01;64.4;74.3;53.5;64.1;44.59;87.9;1990;1;1;1990;;;;;;;;;0.49999999999999994;0.8660254037844387
4;1990-02-01;64.7;76.8;52.2;62.2;44.5;90.7;1990;2;1;1990;64.4;;;;;;;;0.8660254037844386;0.5000000000000001
5;1990-03-01;64.0;78.5;41.4;61.3;45.75;95.1;1990;3;1;1990;64.7;64.4;;;;64.36666666666667;;;1.0;6.123233995736766e-17
6;1990-04-01;66.0;81.2;48.4;62.8;44.02;94.3;1990;4;2;1990;64.0;64.7;64.4;;;64.89999999999999;;;0.8660254037844387;-0.4999999999999998
7;1990-05-01;64.6;81.8;39.2;62.0;45.5;90.4;1990;5;2;1990;66.0;64.0;64.7;;;64.86666666666667;;;0.49999999999999994;-0.8660254037844387
8;1990-06-01;64.1;84.2;39.2;60.7;43.8;80.3;1990;6;2;1990;64.6;66.0;64.0;;;64.89999999999999;64.63333333333334;;1.2246467991473532e-16;-1.0
9;1990-07-01;62.9;84.5;39.2;57.9;43.72;74.2;1990;7;3;1990;64.1;64.6;66.0;64.4;;63.86666666666667;64.38333333333333;;-0.4999999999999997;-0.8660254037844388
10;1990-08-01;61.8;84.5;36.8;55.7;45.37;67.6;1990;8;3;1990;62.9;64.1;64.6;64.7;;62.93333333333333;63.9;;-0.8660254037844384;-0.5000000000000004
11;1990-09-01;61.3;85.5;38.1;52.5;44.79;68.5;1990;9;3;1990;61.8;62.9;64.1;64.0;;62.0;63.449999999999996;;-1.0;-1.8369701987210297e-16
12;1990-10-01;61.4;86.2;38.9;52.8;45.72;60.8;1990;10;4;1990;61.3;61.8;62.9;66.0;;61.5;62.68333333333333;;-0.8660254037844386;0.5000000000000001
13;1990-11-01;62.3;87.6;39.4;52.4;48.3;62.3;1990;11;4;1990;61.4;61.3;61.8;64.6;;61.666666666666664;62.300000000000004;;-0.5000000000000004;0.8660254037844384
14;1990-12-01;62.2;84.4;45.1;52.6;49.6;60.3;1990;12;4;1990;62.3;61.4;61.3;64.1;;61.96666666666666;61.98333333333333;63.30833333333334;-2.4492935982947064e-16;1.0
15;1991-01-01;61.0;80.5;46.9;53.7;49.47;54.5;1991;1;1;1990;62.2;62.3;61.4;62.9;64.4;61.833333333333336;61.666666666666664;63.025;0.49999999999999994;0.8660254037844387
16;1991-02-01;61.8;82.4;46.7;55.2;48.42;52.7;1991;2;1;1990;61.0;62.2;62.3;61.8;64.7;61.666666666666664;61.666666666666664;62.78333333333333;0.8660254037844386;0.5000000000000001
17;1991-03-01;62.3;81.6;45.8;57.3;48.75;56.6;1991;3;1;1990;61.8;61.0;62.2;61.3;64.0;61.699999999999996;61.833333333333336;62.64166666666666;1.0;6.123233995736766e-17
18;1991-04-01;61.0;80.5;42.8;57.6;47.0;52.7;1991;4;2;1990;62.3;61.8;61.0;61.4;66.0;61.699999999999996;61.76666666666667;62.224999999999994;0.8660254037844387;-0.4999999999999998
19;1991-05-01;60.8;82.0;42.1;57.2;46.56;46.9;1991;5;2;1990;61.0;62.3;61.8;62.3;64.6;61.36666666666667;61.51666666666666;61.90833333333333;0.49999999999999994;-0.8660254037844387
20;1991-06-01;61.3;81.3;43.4;56.5;46.73;56.9;1991;6;2;1990;60.8;61.0;62.3;62.2;64.1;61.03333333333333;61.36666666666667;61.675000000000004;1.2246467991473532e-16;-1.0
21;1991-07-01;62.2;83.6;40.4;55.7;48.22;63.8;1991;7;3;1990;61.3;60.8;61.0;61.0;62.9;61.43333333333334;61.56666666666666;61.61666666666667;-0.4999999999999997;-0.8660254037844388
22;1991-08-01;61.8;80.4;41.7;58.3;48.81;58.5;1991;8;3;1990;62.2;61.3;60.8;61.8;61.8;61.76666666666667;61.56666666666666;61.61666666666667;-0.8660254037844384;-0.5000000000000004
23;1991-09-01;62.4;80.6;45.4;58.8;48.58;57.5;1991;9;3;1990;61.8;62.2;61.3;62.3;61.3;62.13333333333333;61.583333333333336;61.708333333333336;-1.0;-1.8369701987210297e-16
24;1991-10-01;64.5;83.0;48.8;60.6;51.13;56.4;1991;10;4;1990;62.4;61.8;62.2;61.0;61.4;62.9;62.166666666666664;61.96666666666666;-0.8660254037844386;0.5000000000000001
25;1991-11-01;64.6;82.6;50.8;60.8;51.79;53.6;1991;11;4;1990;64.5;62.4;61.8;60.8;62.3;63.833333333333336;62.800000000000004;62.15833333333333;-0.5000000000000004;0.8660254037844384
26;1991-12-01;64.3;79.2;50.8;62.7;52.63;55.7;1991;12;4;1990;64.6;64.5;62.4;61.3;62.2;64.46666666666665;63.300000000000004;62.333333333333336;-2.4492935982947064e-16;1.0
27;1992-01-01;65.1;80.2;52.9;63.9;52.84;51.5;1992;1;1;1990;64.3;64.6;64.5;62.2;61.0;64.66666666666667;63.78333333333333;62.675000000000004;0.49999999999999994;0.8660254037844387
28;1992-02-01;65.9;81.6;52.9;66.5;51.96;48.5;1992;2;1;1990;65.1;64.3;64.6;61.8;61.8;65.10000000000001;64.46666666666667;63.01666666666666;0.8660254037844386;0.5000000000000001
29;1992-03-01;66.5;82.4;52.4;65.9;54.08;50.9;1992;3;1;1990;65.9;65.1;64.3;62.4;62.3;65.83333333333333;65.15;63.36666666666667;1.0;6.123233995736766e-17
30;1992-04-01;64.8;78.3;52.4;63.0;53.95;58.5;1992;4;2;1990;66.5;65.9;65.1;64.5;61.0;65.73333333333333;65.19999999999999;63.68333333333334;0.8660254037844387;-0.4999999999999998
31;1992-05-01;65.1;78.9;54.6;62.0;54.02;59.3;1992;5;2;1990;64.8;66.5;65.9;64.6;60.8;65.46666666666667;65.28333333333333;64.04166666666667;0.49999999999999994;-0.8660254037844387
32;1992-06-01;65.9;78.9;57.7;61.8;54.82;64.1;1992;6;2;1990;65.1;64.8;66.5;64.3;61.3;65.26666666666667;65.55;64.425;1.2246467991473532e-16;-1.0
33;1992-07-01;64.7;79.5;58.1;58.5;51.93;63.8;1992;7;3;1990;65.9;65.1;64.8;65.1;62.2;65.23333333333333;65.48333333333333;64.63333333333333;-0.4999999999999997;-0.8660254037844388
34;1992-08-01;63.1;78.6;56.6;56.1;51.02;60.8;1992;8;3;1990;64.7;65.9;65.1;65.9;61.8;64.56666666666668;65.01666666666667;64.74166666666666;-0.8660254037844384;-0.5000000000000004
35;1992-09-01;63.8;78.1;58.1;58.3;52.2;57.6;1992;9;3;1990;63.1;64.7;65.9;66.5;62.4;63.86666666666667;64.56666666666666;64.85833333333333;-1.0;-1.8369701987210297e-16
36;1992-10-01;61.8;74.4;54.9;58.2;52.22;53.9;1992;10;4;1990;63.8;63.1;64.7;64.8;64.5;62.9;64.06666666666668;64.63333333333334;-0.8660254037844386;0.5000000000000001
37;1992-11-01;62.7;76.2;53.8;58.8;53.88;53.0;1992;11;4;1990;61.8;63.8;63.1;65.1;64.6;62.76666666666667;63.666666666666664;64.47500000000001;-0.5000000000000004;0.8660254037844384
38;1992-12-01;61.3;73.7;53.2;58.5;53.0;50.4;1992;12;4;1990;62.7;61.8;63.8;65.9;64.3;61.93333333333333;62.900000000000006;64.22500000000001;-2.4492935982947064e-16;1.0
39;1993-01-01;61.6;73.4;53.3;59.1;53.98;51.0;1993;1;1;1990;61.3;62.7;61.8;64.7;65.1;61.866666666666674;62.383333333333326;63.93333333333334;0.49999999999999994;0.8660254037844387
40;1993-02-01;61.4;72.9;54.0;58.1;54.24;53.0;1993;2;1;1990;61.6;61.3;62.7;63.1;65.9;61.43333333333333;62.1;63.55833333333334;0.8660254037844386;0.5000000000000001
41;1993-03-01;63.2;76.5;53.3;57.8;53.05;65.7;1993;3;1;1990;61.4;61.6;61.3;63.8;66.5;62.06666666666667;62.0;63.28333333333334;1.0;6.123233995736766e-17
42;1993-04-01;62.8;75.7;52.4;57.3;52.83;69.0;1993;4;2;1990;63.2;61.4;61.6;61.8;64.8;62.46666666666667;62.166666666666664;63.11666666666667;0.8660254037844387;-0.4999999999999998
43;1993-05-01;62.4;76.0;51.7;55.4;51.9;73.2;1993;5;2;1990;62.8;63.2;61.4;62.7;65.1;62.79999999999999;62.11666666666667;62.89166666666666;0.49999999999999994;-0.8660254037844387
44;1993-06-01;61.8;78.6;51.8;52.8;51.24;64.3;1993;6;2;1990;62.4;62.8;63.2;61.3;65.9;62.333333333333336;62.199999999999996;62.54999999999999;1.2246467991473532e-16;-1.0
45;1993-07-01;62.2;78.1;49.7;55.8;53.28;59.9;1993;7;3;1990;61.8;62.4;62.8;61.6;64.7;62.133333333333326;62.300000000000004;62.34166666666667;-0.4999999999999997;-0.8660254037844388
46;1993-08-01;60.9;74.8;48.0;56.6;52.61;57.8;1993;8;3;1990;62.2;61.8;62.4;61.4;63.1;61.63333333333333;62.21666666666667;62.15833333333333;-0.8660254037844384;-0.5000000000000004
47;1993-09-01;61.2;75.1;45.1;58.4;52.54;59.0;1993;9;3;1990;60.9;62.2;61.8;63.2;63.8;61.43333333333334;61.88333333333333;61.94166666666666;-1.0;-1.8369701987210297e-16
48;1993-10-01;61.5;74.5;41.0;61.4;52.12;63.7;1993;10;4;1990;61.2;60.9;62.2;62.8;61.8;61.199999999999996;61.666666666666664;61.916666666666664;-0.8660254037844386;0.5000000000000001
49;1993-11-01;63.4;73.6;41.2;66.7;56.22;62.6;1993;11;4;1990;61.5;61.2;60.9;62.4;62.7;62.03333333333333;61.833333333333336;61.974999999999994;-0.5000000000000004;0.8660254037844384
50;1993-12-01;64.7;71.1;41.8;68.9;63.58;65.1;1993;12;4;1990;63.4;61.5;61.2;61.8;61.3;63.20000000000001;62.31666666666666;62.25833333333333;-2.4492935982947064e-16;1.0
51;1994-01-01;64.8;70.2;45.5;68.6;63.88;63.7;1994;1;1;1990;64.7;63.4;61.5;62.2;61.6;64.3;62.75;62.525;0.49999999999999994;0.8660254037844387
52;1994-02-01;64.5;72.1;45.4;66.8;60.4;67.0;1994;2;1;1990;64.8;64.7;63.4;60.9;61.4;64.66666666666667;63.349999999999994;62.78333333333333;0.8660254037844386;0.5000000000000001
53;1994-03-01;64.8;73.4;46.0;64.1;61.31;72.7;1994;3;1;1990;64.5;64.8;64.7;61.2;63.2;64.7;63.949999999999996;62.916666666666664;1.0;6.123233995736766e-17
54;1994-04-01;64.1;74.0;42.3;62.4;63.66;68.1;1994;4;2;1990;64.8;64.5;64.8;61.5;62.8;64.46666666666665;64.38333333333333;63.025;0.8660254037844387;-0.4999999999999998
55;1994-05-01;65.9;77.0;42.3;62.0;67.78;71.7;1994;5;2;1990;64.1;64.8;64.5;63.4;62.4;64.93333333333334;64.8;63.31666666666666;0.49999999999999994;-0.8660254037844387
56;1994-06-01;65.5;75.4;45.1;60.1;68.47;74.6;1994;6;2;1990;65.9;64.1;64.8;64.7;61.8;65.16666666666667;64.93333333333334;63.625;1.2246467991473532e-16;-1.0
57;1994-07-01;64.2;75.9;45.6;56.0;67.15;72.8;1994;7;3;1990;65.5;65.9;64.1;64.8;62.2;65.2;64.83333333333333;63.791666666666664;-0.4999999999999997;-0.8660254037844388
58;1994-08-01;66.6;77.7;46.6;57.5;73.33;74.9;1994;8;3;1990;64.2;65.5;65.9;64.5;60.9;65.43333333333332;65.18333333333334;64.26666666666667;-0.8660254037844384;-0.5000000000000004
59;1994-09-01;69.6;78.8;49.9;60.2;80.5;77.9;1994;9;3;1990;66.6;64.2;65.5;64.8;61.2;66.8;65.98333333333333;64.96666666666667;-1.0;-1.8369701987210297e-16
60;1994-10-01;70.3;79.2;52.0;61.7;79.0;78.9;1994;10;4;1990;69.6;66.6;64.2;64.1;61.5;68.83333333333333;67.01666666666667;65.7;-0.8660254037844386;0.5000000000000001
61;1994-11-01;73.6;83.0;53.2;61.1;88.31;86.3;1994;11;4;1990;70.3;69.6;66.6;65.9;63.4;71.16666666666667;68.3;66.55;-0.5000000000000004;0.8660254037844384
62;1994-12-01;73.3;78.9;55.0;62.7;88.62;90.8;1994;12;4;1990;73.6;70.3;69.6;65.5;64.7;72.39999999999999;69.6;67.26666666666667;-2.4492935982947064e-16;1.0
63;1995-01-01;73.0;79.1;58.9;62.9;82.66;91.3;1995;1;1;1990;73.3;73.6;70.3;64.2;64.8;73.3;71.06666666666666;67.95;0.49999999999999994;0.8660254037844387
64;1995-02-01;74.7;84.0;61.1;62.5;82.67;89.2;1995;2;1;1990;73.0;73.3;73.6;66.6;64.5;73.66666666666667;72.41666666666667;68.8;0.8660254037844386;0.5000000000000001
65;1995-03-01;75.5;85.1;61.8;62.2;84.42;90.3;1995;3;1;1990;74.7;73.0;73.3;69.6;64.8;74.39999999999999;73.39999999999999;69.69166666666666;1.0;6.123233995736766e-17
66;1995-04-01;74.3;85.9;61.1;62.7;77.94;84.8;1995;4;2;1990;75.5;74.7;73.0;70.3;64.1;74.83333333333333;74.06666666666666;70.54166666666667;0.8660254037844387;-0.4999999999999998
67;1995-05-01;74.1;84.1;61.2;64.9;76.79;83.7;1995;5;2;1990;74.3;75.5;74.7;73.6;65.9;74.63333333333334;74.14999999999999;71.225;0.49999999999999994;-0.8660254037844387
68;1995-06-01;75.3;81.7;61.2;69.1;80.33;86.8;1995;6;2;1990;74.1;74.3;75.5;73.3;65.5;74.56666666666666;74.48333333333333;72.04166666666667;1.2246467991473532e-16;-1.0
69;1995-07-01;79.6;87.8;64.6;74.0;83.96;84.1;1995;7;3;1990;75.3;74.1;74.3;73.0;64.2;76.33333333333333;75.58333333333333;73.325;-0.4999999999999997;-0.8660254037844388
70;1995-08-01;78.1;87.4;64.3;72.6;79.95;80.3;1995;8;3;1990;79.6;75.3;74.1;74.7;66.6;77.66666666666667;76.14999999999999;74.28333333333333;-0.8660254037844384;-0.5000000000000004
71;1995-09-01;78.5;89.0;64.3;75.9;76.28;72.3;1995;9;3;1990;78.1;79.6;75.3;75.5;69.6;78.73333333333333;76.64999999999999;75.02499999999999;-1.0;-1.8369701987210297e-16
72;1995-10-01;80.5;89.2;64.8;80.2;79.95;73.3;1995;10;4;1990;78.5;78.1;79.6;74.3;70.3;79.03333333333335;77.68333333333334;75.875;-0.8660254037844386;0.5000000000000001
73;1995-11-01;80.0;87.9;64.8;80.5;78.99;74.1;1995;11;4;1990;80.5;78.5;78.1;74.1;73.6;79.66666666666667;78.66666666666667;76.40833333333333;-0.5000000000000004;0.8660254037844384
74;1995-12-01;78.2;81.8;64.4;82.7;75.58;76.2;1995;12;4;1990;80.0;80.5;78.5;75.3;73.3;79.56666666666666;79.15;76.81666666666666;-2.4492935982947064e-16;1.0
75;1996-01-01;77.1;80.3;64.3;83.3;70.75;77.5;1996;1;1;1990;78.2;80.0;80.5;79.6;73.0;78.43333333333332;78.73333333333333;77.15833333333333;0.49999999999999994;0.8660254037844387
76;1996-02-01;77.6;80.3;64.2;85.7;68.63;79.3;1996;2;1;1990;77.1;78.2;80.0;78.1;74.7;77.63333333333334;78.64999999999999;77.39999999999999;0.8660254037844386;0.5000000000000001
77;1996-03-01;78.7;83.2;63.0;86.9;68.17;79.9;1996;3;1;1990;77.6;77.1;78.2;78.5;75.5;77.8;78.68333333333332;77.66666666666667;1.0;6.123233995736766e-17
78;1996-04-01;80.9;81.2;62.7;95.3;73.56;74.1;1996;4;2;1990;78.7;77.6;77.1;80.5;74.3;79.06666666666666;78.75;78.21666666666667;0.8660254037844387;-0.4999999999999998
79;1996-05-01;82.5;83.6;61.0;100.0;73.37;70.5;1996;5;2;1990;80.9;78.7;77.6;80.0;74.1;80.7;79.16666666666667;78.91666666666667;0.49999999999999994;-0.8660254037844387
80;1996-06-01;80.7;84.1;61.1;94.3;68.85;75.3;1996;6;2;1990;82.5;80.9;78.7;78.2;75.3;81.36666666666667;79.58333333333333;79.36666666666666;1.2246467991473532e-16;-1.0
81;1996-07-01;80.5;87.1;61.3;91.1;66.07;79.3;1996;7;3;1990;80.7;82.5;80.9;77.1;79.6;81.23333333333333;80.15;79.44166666666666;-0.4999999999999997;-0.8660254037844388
82;1996-08-01;80.1;89.7;60.7;85.8;69.1;76.6;1996;8;3;1990;80.5;80.7;82.5;77.6;78.1;80.43333333333332;80.56666666666666;79.60833333333333;-0.8660254037844384;-0.5000000000000004
83;1996-09-01;77.1;89.3;60.1;75.3;71.47;73.8;1996;9;3;1990;80.1;80.5;80.7;78.7;78.5;79.23333333333333;80.3;79.49166666666666;-1.0;-1.8369701987210297e-16
84;1996-10-01;74.4;86.6;61.0;71.1;69.08;68.8;1996;10;4;1990;77.1;80.1;80.5;80.9;80.5;77.2;79.21666666666665;78.98333333333333;-0.8660254037844386;0.5000000000000001
85;1996-11-01;72.7;85.4;59.9;67.4;70.01;66.3;1996;11;4;1990;74.4;77.1;80.1;82.5;80.0;74.73333333333333;77.58333333333333;78.375;-0.5000000000000004;0.8660254037844384
86;1996-12-01;71.5;81.5;60.2;67.6;70.17;66.5;1996;12;4;1990;72.7;74.4;77.1;80.7;78.2;72.86666666666667;76.05;77.81666666666668;-2.4492935982947064e-16;1.0
87;1997-01-01;71.0;79.1;60.3;68.1;70.76;66.2;1997;1;1;1990;71.5;72.7;74.4;80.5;77.1;71.73333333333333;74.46666666666665;77.30833333333334;0.49999999999999994;0.8660254037844387
88;1997-02-01;71.2;79.4;59.5;68.4;71.49;66.9;1997;2;1;1990;71.0;71.5;72.7;80.1;77.6;71.23333333333333;72.98333333333333;76.77499999999999;0.8660254037844386;0.5000000000000001
89;1997-03-01;73.0;83.1;59.3;70.6;70.32;68.8;1997;3;1;1990;71.2;71.0;71.5;77.1;78.7;71.73333333333333;72.3;76.3;1.0;6.123233995736766e-17
90;1997-04-01;73.5;83.9;59.1;70.8;71.11;69.9;1997;4;2;1990;73.0;71.2;71.0;74.4;80.9;72.56666666666666;72.15;75.68333333333332;0.8660254037844387;-0.4999999999999998
91;1997-05-01;72.9;83.8;58.8;68.8;71.65;68.9;1997;5;2;1990;73.5;73.0;71.2;72.7;82.5;73.13333333333334;72.18333333333334;74.88333333333334;0.49999999999999994;-0.8660254037844387
92;1997-06-01;70.3;80.4;58.6;65.2;68.96;70.7;1997;6;2;1990;72.9;73.5;73.0;71.5;80.7;72.23333333333333;71.98333333333333;74.01666666666667;1.2246467991473532e-16;-1.0
93;1997-07-01;68.6;79.7;58.1;62.4;65.53;69.4;1997;7;3;1990;70.3;72.9;73.5;71.0;80.5;70.60000000000001;71.58333333333333;73.025;-0.4999999999999997;-0.8660254037844388
94;1997-08-01;70.0;80.6;57.8;65.7;65.4;72.4;1997;8;3;1990;68.6;70.3;72.9;71.2;80.1;69.63333333333333;71.38333333333333;72.18333333333334;-0.8660254037844384;-0.5000000000000004
95;1997-09-01;70.1;80.2;59.0;65.1;67.96;70.1;1997;9;3;1990;70.0;68.6;70.3;73.0;77.1;69.56666666666666;70.89999999999999;71.60000000000001;-1.0;-1.8369701987210297e-16
96;1997-10-01;69.9;75.8;60.8;65.6;72.78;70.6;1997;10;4;1990;70.1;70.0;68.6;73.5;74.4;70.0;70.3;71.22500000000001;-0.8660254037844386;0.5000000000000001
97;1997-11-01;70.5;76.0;61.0;64.2;76.71;74.3;1997;11;4;1990;69.9;70.1;70.0;72.9;72.7;70.16666666666667;69.89999999999999;71.04166666666667;-0.5000000000000004;0.8660254037844384
98;1997-12-01;68.1;69.8;61.0;63.4;75.55;76.3;1997;12;4;1990;70.5;69.9;70.1;70.3;71.5;69.5;69.53333333333333;70.75833333333333;-2.4492935982947064e-16;1.0
99;1998-01-01;67.5;67.7;60.9;62.7;79.26;71.5;1998;1;1;1990;68.1;70.5;69.9;68.6;71.0;68.7;69.35000000000001;70.46666666666665;0.49999999999999994;0.8660254037844387
100;1998-02-01;67.7;68.7;59.7;62.7;81.88;66.3;1998;2;1;1990;67.5;68.1;70.5;70.0;71.2;67.76666666666667;68.96666666666667;70.175;0.8660254037844386;0.5000000000000001
101;1998-03-01;67.6;68.4;57.8;63.2;84.68;60.9;1998;3;1;1990;67.7;67.5;68.1;70.1;73.0;67.6;68.55;69.72500000000001;1.0;6.123233995736766e-17
102;1998-04-01;67.0;68.4;57.6;60.8;86.01;60.0;1998;4;2;1990;67.6;67.7;67.5;69.9;73.5;67.43333333333334;68.06666666666666;69.18333333333334;0.8660254037844387;-0.4999999999999998
103;1998-05-01;66.6;66.8;56.5;60.2;89.97;57.1;1998;5;2;1990;67.0;67.6;67.7;70.5;72.9;67.06666666666666;67.41666666666666;68.65833333333333;0.49999999999999994;-0.8660254037844387
104;1998-06-01;64.4;66.7;55.6;59.0;82.76;50.1;1998;6;2;1990;66.6;67.0;67.6;68.1;70.3;66.0;66.8;68.16666666666667;1.2246467991473532e-16;-1.0
105;1998-07-01;64.4;67.0;55.3;57.5;83.56;53.5;1998;7;3;1990;64.4;66.6;67.0;67.5;68.6;65.13333333333334;66.28333333333333;67.81666666666666;-0.4999999999999997;-0.8660254037844388
106;1998-08-01;62.6;64.8;55.4;54.1;83.17;52.5;1998;8;3;1990;64.4;64.4;66.6;67.7;70.0;63.800000000000004;65.43333333333334;67.2;-0.8660254037844384;-0.5000000000000004
107;1998-09-01;62.1;65.1;53.9;53.9;84.56;44.7;1998;9;3;1990;62.6;64.4;64.4;67.6;70.1;63.03333333333334;64.51666666666667;66.53333333333333;-1.0;-1.8369701987210297e-16
108;1998-10-01;62.9;64.7;52.1;57.7;84.44;46.2;1998;10;4;1990;62.1;62.6;64.4;67.0;69.9;62.53333333333333;63.833333333333336;65.95;-0.8660254037844386;0.5000000000000001
109;1998-11-01;62.8;63.2;52.1;58.2;84.31;49.9;1998;11;4;1990;62.9;62.1;62.6;66.6;70.5;62.6;63.20000000000001;65.30833333333332;-0.5000000000000004;0.8660254037844384
110;1998-12-01;62.2;63.8;52.3;56.8;82.04;50.0;1998;12;4;1990;62.8;62.9;62.1;64.4;68.1;62.63333333333333;62.833333333333336;64.81666666666666;-2.4492935982947064e-16;1.0
111;1999-01-01;61.2;62.7;52.4;57.1;77.31;50.2;1999;1;1;1990;62.2;62.8;62.9;64.4;67.5;62.06666666666666;62.300000000000004;64.29166666666667;0.49999999999999994;0.8660254037844387
112;1999-02-01;58.6;63.3;51.5;54.9;68.4;42.2;1999;2;1;1990;61.2;62.2;62.8;62.6;67.7;60.666666666666664;61.63333333333333;63.53333333333333;0.8660254037844386;0.5000000000000001
113;1999-03-01;57.2;63.4;50.7;55.2;62.31;37.3;1999;3;1;1990;58.6;61.2;62.2;62.1;67.6;59.0;60.81666666666667;62.666666666666664;1.0;6.123233995736766e-17
114;1999-04-01;56.0;61.7;48.0;53.7;64.88;33.5;1999;4;2;1990;57.2;58.6;61.2;62.9;67.0;57.26666666666667;59.666666666666664;61.75;0.8660254037844387;-0.4999999999999998
115;1999-05-01;55.6;62.2;47.4;52.8;62.26;35.6;1999;5;2;1990;56.0;57.2;58.6;62.8;66.6;56.26666666666667;58.46666666666667;60.833333333333336;0.49999999999999994;-0.8660254037844387
116;1999-06-01;54.8;62.7;47.1;53.6;54.79;37.3;1999;6;2;1990;55.6;56.0;57.2;62.2;64.4;55.46666666666667;57.23333333333333;60.03333333333333;1.2246467991473532e-16;-1.0
117;1999-07-01;52.8;62.9;46.4;51.4;48.63;33.3;1999;7;3;1990;54.8;55.6;56.0;61.2;64.4;54.4;55.833333333333336;59.06666666666667;-0.4999999999999997;-0.8660254037844388
118;1999-08-01;54.6;64.8;46.4;53.0;52.29;35.6;1999;8;3;1990;52.8;54.8;55.6;58.6;62.6;54.06666666666666;55.166666666666664;58.4;-0.8660254037844384;-0.5000000000000004
119;1999-09-01;54.8;63.4;46.8;52.6;54.07;41.3;1999;9;3;1990;54.6;52.8;54.8;57.2;62.1;54.06666666666666;54.76666666666667;57.791666666666664;-1.0;-1.8369701987210297e-16
120;1999-10-01;53.5;60.7;47.0;51.5;52.96;41.9;1999;10;4;1990;54.8;54.6;52.8;56.0;62.9;54.300000000000004;54.35;57.00833333333333;-0.8660254037844386;0.5000000000000001
121;1999-11-01;53.5;61.8;47.5;51.3;51.32;40.2;1999;11;4;1990;53.5;54.8;54.6;55.6;62.8;53.93333333333334;54.0;56.23333333333334;-0.5000000000000004;0.8660254037844384
122;1999-12-01;52.1;59.5;48.5;50.4;49.49;37.2;1999;12;4;1990;53.5;53.5;54.8;54.8;62.2;53.03333333333333;53.550000000000004;55.39166666666667;-2.4492935982947064e-16;1.0
123;2000-01-01;52.8;60.6;50.2;52.1;48.58;34.7;2000;1;1;2000;52.1;53.5;53.5;52.8;61.2;52.800000000000004;53.550000000000004;54.69166666666666;0.49999999999999994;0.8660254037844387
124;2000-02-01;52.5;60.9;50.4;52.2;46.37;32.7;2000;2;1;2000;52.8;52.1;53.5;54.6;58.6;52.46666666666667;53.199999999999996;54.18333333333334;0.8660254037844386;0.5000000000000001
125;2000-03-01;53.1;62.8;50.1;51.7;47.82;31.8;2000;3;1;2000;52.5;52.8;52.1;54.8;57.2;52.800000000000004;52.916666666666664;53.84166666666667;1.0;6.123233995736766e-17
126;2000-04-01;53.7;62.3;50.4;51.8;49.5;37.3;2000;4;2;2000;53.1;52.5;52.8;53.5;56.0;53.1;52.949999999999996;53.65;0.8660254037844387;-0.4999999999999998
127;2000-05-01;54.0;63.3;50.9;52.8;44.49;42.8;2000;5;2;2000;53.7;53.1;52.5;53.5;55.6;53.6;53.03333333333334;53.51666666666666;0.49999999999999994;-0.8660254037844387
128;2000-06-01;54.2;63.0;53.8;51.4;42.93;51.8;2000;6;2;2000;54.0;53.7;53.1;52.1;54.8;53.96666666666667;53.38333333333333;53.46666666666667;1.2246467991473532e-16;-1.0
129;2000-07-01;54.4;62.7;55.6;49.8;42.67;59.6;2000;7;3;2000;54.2;54.0;53.7;52.8;52.8;54.199999999999996;53.65;53.599999999999994;-0.4999999999999997;-0.8660254037844388
130;2000-08-01;53.5;60.3;56.0;48.6;41.7;64.6;2000;8;3;2000;54.4;54.2;54.0;52.5;54.6;54.03333333333333;53.81666666666666;53.50833333333333;-0.8660254037844384;-0.5000000000000004
131;2000-09-01;52.9;59.4;57.4;49.4;38.47;62.1;2000;9;3;2000;53.5;54.4;54.2;53.1;54.8;53.6;53.78333333333333;53.349999999999994;-1.0;-1.8369701987210297e-16
132;2000-10-01;53.7;59.5;59.1;51.2;36.38;66.5;2000;10;4;2000;52.9;53.5;54.4;53.7;53.5;53.36666666666667;53.78333333333333;53.36666666666667;-0.8660254037844386;0.5000000000000001
133;2000-11-01;54.2;60.4;59.6;52.1;37.67;61.5;2000;11;4;2000;53.7;52.9;53.5;54.0;53.5;53.6;53.81666666666666;53.425000000000004;-0.5000000000000004;0.8660254037844384
134;2000-12-01;54.8;60.4;60.1;53.7;38.14;62.0;2000;12;4;2000;54.2;53.7;52.9;54.2;52.1;54.23333333333333;53.916666666666664;53.65;-2.4492935982947064e-16;1.0
135;2001-01-01;54.1;58.3;59.7;53.9;37.27;63.9;2001;1;1;2000;54.8;54.2;53.7;54.4;52.8;54.36666666666667;53.866666666666674;53.75833333333333;0.49999999999999994;0.8660254037844387
136;2001-02-01;54.6;62.0;59.5;53.0;35.83;61.1;2001;2;1;2000;54.1;54.8;54.2;53.5;52.5;54.5;54.050000000000004;53.93333333333334;0.8660254037844386;0.5000000000000001
137;2001-03-01;55.5;64.9;59.7;52.2;38.2;57.4;2001;3;1;2000;54.6;54.1;54.8;52.9;53.1;54.73333333333333;54.48333333333333;54.13333333333333;1.0;6.123233995736766e-17
138;2001-04-01;55.0;65.3;59.5;51.0;38.03;54.1;2001;4;2;2000;55.5;54.6;54.1;53.7;53.7;55.03333333333334;54.699999999999996;54.241666666666674;0.8660254037844387;-0.4999999999999998
139;2001-05-01;55.8;65.6;62.0;51.7;36.57;59.3;2001;5;2;2000;55.0;55.5;54.6;54.2;54.0;55.43333333333334;54.96666666666667;54.39166666666667;0.49999999999999994;-0.8660254037844387
140;2001-06-01;55.2;63.8;62.4;51.0;38.85;56.0;2001;6;2;2000;55.8;55.0;55.5;54.8;54.2;55.333333333333336;55.03333333333333;54.475;1.2246467991473532e-16;-1.0
141;2001-07-01;56.9;64.1;62.9;51.7;47.44;54.4;2001;7;3;2000;55.2;55.8;55.0;54.1;54.4;55.96666666666667;55.5;54.68333333333334;-0.4999999999999997;-0.8660254037844388
142;2001-08-01;57.0;64.4;62.5;51.6;50.02;50.2;2001;8;3;2000;56.9;55.2;55.8;54.6;53.5;56.36666666666667;55.900000000000006;54.975;-0.8660254037844384;-0.5000000000000004
143;2001-09-01;55.8;64.3;62.1;51.2;45.4;47.3;2001;9;3;2000;57.0;56.9;55.2;55.5;52.9;56.56666666666666;55.949999999999996;55.21666666666667;-1.0;-1.8369701987210297e-16
144;2001-10-01;54.5;62.4;62.8;51.0;43.3;42.0;2001;10;4;2000;55.8;57.0;56.9;55.0;53.7;55.76666666666666;55.86666666666667;55.28333333333333;-0.8660254037844386;0.5000000000000001
145;2001-11-01;55.1;60.6;60.6;51.9;48.27;47.5;2001;11;4;2000;54.5;55.8;57.0;55.8;54.2;55.133333333333326;55.75;55.35833333333333;-0.5000000000000004;0.8660254037844384
146;2001-12-01;54.6;59.2;56.9;52.0;50.61;48.5;2001;12;4;2000;55.1;54.5;55.8;55.2;54.8;54.73333333333334;55.650000000000006;55.34166666666667;-2.4492935982947064e-16;1.0
147;2002-01-01;53.8;59.4;53.0;51.7;49.26;48.2;2002;1;1;2000;54.6;55.1;54.5;56.9;54.1;54.5;55.133333333333326;55.31666666666666;0.49999999999999994;0.8660254037844387
148;2002-02-01;52.0;57.6;52.8;50.4;47.79;40.5;2002;2;1;2000;53.8;54.6;55.1;57.0;54.6;53.46666666666667;54.29999999999999;55.099999999999994;0.8660254037844386;0.5000000000000001
149;2002-03-01;52.3;60.1;50.7;49.6;47.62;41.4;2002;3;1;2000;52.0;53.8;54.6;55.8;55.5;52.699999999999996;53.71666666666667;54.833333333333336;1.0;6.123233995736766e-17
150;2002-04-01;51.4;57.2;48.9;49.3;48.97;42.6;2002;4;2;2000;52.3;52.0;53.8;54.5;55.0;51.9;53.20000000000001;54.53333333333333;0.8660254037844387;-0.4999999999999998
151;2002-05-01;50.8;56.2;44.8;50.2;51.64;37.6;2002;5;2;2000;51.4;52.3;52.0;55.1;55.8;51.5;52.48333333333333;54.11666666666667;0.49999999999999994;-0.8660254037844387
152;2002-06-01;51.6;56.3;42.9;52.0;55.8;35.6;2002;6;2;2000;50.8;51.4;52.3;54.6;55.2;51.26666666666667;51.98333333333333;53.81666666666666;1.2246467991473532e-16;-1.0
153;2002-07-01;52.3;55.9;40.6;54.6;56.15;39.5;2002;7;3;2000;51.6;50.8;51.4;53.8;56.9;51.56666666666666;51.73333333333334;53.43333333333333;-0.4999999999999997;-0.8660254037844388
154;2002-08-01;53.7;55.8;40.1;58.1;59.65;39.0;2002;8;3;2000;52.3;51.6;50.8;52.0;57.0;52.53333333333333;52.01666666666667;53.15833333333333;-0.8660254037844384;-0.5000000000000004
155;2002-09-01;55.1;55.1;41.6;63.8;56.68;43.1;2002;9;3;2000;53.7;52.3;51.6;52.3;55.8;53.70000000000001;52.48333333333333;53.1;-1.0;-1.8369701987210297e-16
156;2002-10-01;55.5;53.5;42.9;64.4;58.76;46.5;2002;10;4;2000;55.1;53.7;52.3;51.4;54.5;54.76666666666667;53.166666666666664;53.18333333333334;-0.8660254037844386;0.5000000000000001
157;2002-11-01;56.6;53.9;45.5;63.0;63.91;48.5;2002;11;4;2000;55.5;55.1;53.7;50.8;55.1;55.73333333333334;54.13333333333333;53.30833333333334;-0.5000000000000004;0.8660254037844384
158;2002-12-01;56.0;52.3;49.3;59.8;65.51;49.2;2002;12;4;2000;56.6;55.5;55.1;51.6;54.6;56.03333333333333;54.86666666666667;53.425000000000004;-2.4492935982947064e-16;1.0
159;2003-01-01;56.2;53.9;51.3;58.0;64.32;50.7;2003;1;1;2000;56.0;56.6;55.5;52.3;53.8;56.26666666666667;55.51666666666666;53.625;0.49999999999999994;0.8660254037844387
160;2003-02-01;56.9;55.1;53.1;57.8;62.35;55.7;2003;2;1;2000;56.2;56.0;56.6;53.7;52.0;56.366666666666674;56.050000000000004;54.03333333333333;0.8660254037844386;0.5000000000000001
161;2003-03-01;55.9;55.7;53.7;56.5;59.23;50.9;2003;3;1;2000;56.9;56.2;56.0;55.1;52.3;56.333333333333336;56.18333333333334;54.333333333333336;1.0;6.123233995736766e-17
162;2003-04-01;55.9;56.7;52.7;56.4;59.57;48.0;2003;4;2;2000;55.9;56.9;56.2;55.5;51.4;56.23333333333333;56.25;54.708333333333336;0.8660254037844387;-0.4999999999999998
163;2003-05-01;56.7;57.4;52.6;58.2;61.09;44.4;2003;5;2;2000;55.9;55.9;56.9;56.6;50.8;56.166666666666664;56.26666666666667;55.199999999999996;0.49999999999999994;-0.8660254037844387
164;2003-06-01;56.4;57.3;52.6;57.7;61.96;41.6;2003;6;2;2000;56.7;55.9;55.9;56.0;51.6;56.333333333333336;56.333333333333336;55.6;1.2246467991473532e-16;-1.0
165;2003-07-01;57.1;61.5;53.2;56.5;58.84;42.3;2003;7;3;2000;56.4;56.7;55.9;56.2;52.3;56.73333333333333;56.48333333333334;56.0;-0.4999999999999997;-0.8660254037844388
166;2003-08-01;57.8;61.4;53.6;59.9;57.09;42.3;2003;8;3;2000;57.1;56.4;56.7;56.9;53.7;57.1;56.633333333333326;56.34166666666667;-0.8660254037844384;-0.5000000000000004
167;2003-09-01;59.0;63.7;55.2;60.5;59.33;37.0;2003;9;3;2000;57.8;57.1;56.4;55.9;55.1;57.96666666666666;57.15;56.666666666666664;-1.0;-1.8369701987210297e-16
168;2003-10-01;60.6;63.6;57.6;60.6;67.39;36.9;2003;10;4;2000;59.0;57.8;57.1;55.9;55.5;59.13333333333333;57.93333333333334;57.09166666666667;-0.8660254037844386;0.5000000000000001
169;2003-11-01;62.0;62.9;58.6;64.8;68.83;37.6;2003;11;4;2000;60.6;59.0;57.8;56.7;56.6;60.53333333333333;58.81666666666666;57.541666666666664;-0.5000000000000004;0.8660254037844384
170;2003-12-01;62.9;62.5;59.7;65.7;71.56;38.9;2003;12;4;2000;62.0;60.6;59.0;56.4;56.0;61.833333333333336;59.9;58.11666666666667;-2.4492935982947064e-16;1.0
171;2004-01-01;64.7;67.2;60.9;66.9;71.22;35.9;2004;1;1;2000;62.9;62.0;60.6;57.1;56.2;63.20000000000001;61.166666666666664;58.824999999999996;0.49999999999999994;0.8660254037844387
172;2004-02-01;65.5;65.1;64.3;67.5;76.06;36.2;2004;2;1;2000;64.7;62.9;62.0;57.8;56.9;64.36666666666667;62.45000000000001;59.541666666666664;0.8660254037844386;0.5000000000000001
173;2004-03-01;67.1;67.6;65.2;68.5;76.73;40.0;2004;3;1;2000;65.5;64.7;62.9;59.0;55.9;65.76666666666667;63.800000000000004;60.474999999999994;1.0;6.123233995736766e-17
174;2004-04-01;67.7;67.5;65.8;70.2;76.45;40.7;2004;4;2;2000;67.1;65.5;64.7;60.6;55.9;66.76666666666667;64.98333333333333;61.458333333333336;0.8660254037844387;-0.4999999999999998
175;2004-05-01;66.8;67.0;67.8;68.8;73.52;39.2;2004;5;2;2000;67.7;67.1;65.5;62.0;56.7;67.2;65.78333333333333;62.300000000000004;0.49999999999999994;-0.8660254037844387
176;2004-06-01;66.4;69.9;70.7;66.4;66.06;42.9;2004;6;2;2000;66.8;67.7;67.1;62.9;56.4;66.96666666666665;66.36666666666666;63.133333333333326;1.2246467991473532e-16;-1.0
177;2004-07-01;65.8;71.6;72.6;60.7;64.82;49.0;2004;7;3;2000;66.4;66.8;67.7;64.7;57.1;66.33333333333333;66.55;63.85833333333334;-0.4999999999999997;-0.8660254037844388
178;2004-08-01;64.8;69.8;72.7;59.1;65.44;46.9;2004;8;3;2000;65.8;66.4;66.8;65.5;57.8;65.66666666666667;66.43333333333332;64.44166666666666;-0.8660254037844384;-0.5000000000000004
179;2004-09-01;65.4;70.2;73.3;60.0;66.27;47.6;2004;9;3;2000;64.8;65.8;66.4;67.1;59.0;65.33333333333333;66.15;64.975;-1.0;-1.8369701987210297e-16
180;2004-10-01;64.9;68.2;73.8;59.3;65.8;52.3;2004;10;4;2000;65.4;64.8;65.8;67.7;60.6;65.03333333333335;65.68333333333334;65.33333333333333;-0.8660254037844386;0.5000000000000001
181;2004-11-01;65.7;69.2;75.1;60.0;66.94;50.5;2004;11;4;2000;64.9;65.4;64.8;66.8;62.0;65.33333333333333;65.5;65.64166666666667;-0.5000000000000004;0.8660254037844384
182;2004-12-01;66.0;69.9;75.8;60.5;66.02;51.0;2004;12;4;2000;65.7;64.9;65.4;66.4;62.9;65.53333333333335;65.43333333333334;65.89999999999999;-2.4492935982947064e-16;1.0
183;2005-01-01;65.8;69.9;76.2;60.5;63.15;54.0;2005;1;1;2000;66.0;65.7;64.9;65.8;64.7;65.83333333333333;65.43333333333334;65.99166666666667;0.49999999999999994;0.8660254037844387
184;2005-02-01;66.2;71.1;76.7;60.3;62.27;56.3;2005;2;1;2000;65.8;66.0;65.7;64.8;65.5;66.0;65.66666666666667;66.05;0.8660254037844386;0.5000000000000001
185;2005-03-01;67.5;71.7;77.0;61.5;66.74;55.0;2005;3;1;2000;66.2;65.8;66.0;65.4;67.1;66.5;66.01666666666667;66.08333333333333;1.0;6.123233995736766e-17
186;2005-04-01;66.0;70.4;76.2;59.5;65.07;53.2;2005;4;2;2000;67.5;66.2;65.8;64.9;67.7;66.56666666666666;66.2;65.94166666666666;0.8660254037844387;-0.4999999999999998
187;2005-05-01;66.5;72.6;76.5;59.4;64.23;53.1;2005;5;2;2000;66.0;67.5;66.2;65.7;66.8;66.66666666666667;66.33333333333333;65.91666666666667;0.49999999999999994;-0.8660254037844387
188;2005-06-01;67.4;73.6;76.4;60.2;64.64;56.0;2005;6;2;2000;66.5;66.0;67.5;66.0;66.4;66.63333333333334;66.56666666666666;66.0;1.2246467991473532e-16;-1.0
189;2005-07-01;67.7;72.6;77.1;61.2;64.44;59.7;2005;7;3;2000;67.4;66.5;66.0;65.8;65.8;67.2;66.88333333333334;66.15833333333333;-0.4999999999999997;-0.8660254037844388
190;2005-08-01;67.6;72.8;78.3;60.9;62.51;61.5;2005;8;3;2000;67.7;67.4;66.5;66.2;64.8;67.56666666666666;67.11666666666667;66.39166666666667;-0.8660254037844384;-0.5000000000000004
191;2005-09-01;68.6;73.9;78.7;61.5;64.0;63.8;2005;9;3;2000;67.6;67.7;67.4;67.5;65.4;67.96666666666665;67.3;66.65833333333335;-1.0;-1.8369701987210297e-16
192;2005-10-01;69.5;73.8;78.5;62.1;66.81;68.8;2005;10;4;2000;68.6;67.6;67.7;66.0;64.9;68.56666666666666;67.88333333333333;67.04166666666667;-0.8660254037844386;0.5000000000000001
193;2005-11-01;69.0;74.1;78.0;60.6;65.44;70.4;2005;11;4;2000;69.5;68.6;67.6;66.5;65.7;69.03333333333332;68.3;67.31666666666668;-0.5000000000000004;0.8660254037844384
194;2005-12-01;69.8;74.4;76.9;61.5;63.49;82.6;2005;12;4;2000;69.0;69.5;68.6;67.4;66.0;69.43333333333334;68.7;67.63333333333334;-2.4492935982947064e-16;1.0
195;2006-01-01;69.8;71.2;74.3;62.7;63.67;97.5;2006;1;1;2000;69.8;69.0;69.5;67.7;65.8;69.53333333333335;69.05;67.96666666666665;0.49999999999999994;0.8660254037844387
196;2006-02-01;70.8;68.8;74.5;64.8;64.99;111.1;2006;2;1;2000;69.8;69.8;69.0;67.6;66.2;70.13333333333334;69.58333333333333;68.35000000000001;0.8660254037844386;0.5000000000000001
197;2006-03-01;69.8;68.0;73.1;63.9;65.16;106.7;2006;3;1;2000;70.8;69.8;69.8;68.6;67.5;70.13333333333333;69.78333333333333;68.54166666666667;1.0;6.123233995736766e-17
198;2006-04-01;70.1;67.4;71.6;65.1;66.76;108.2;2006;4;2;2000;69.8;70.8;69.8;69.5;66.0;70.23333333333333;69.88333333333334;68.88333333333334;0.8660254037844387;-0.4999999999999998
199;2006-05-01;71.3;69.0;71.3;67.8;68.28;104.1;2006;5;2;2000;70.1;69.8;70.8;69.0;66.5;70.39999999999999;70.26666666666667;69.28333333333333;0.49999999999999994;-0.8660254037844387
200;2006-06-01;71.4;71.3;71.0;67.8;67.94;95.3;2006;6;2;2000;71.3;70.1;69.8;69.8;67.4;70.93333333333332;70.53333333333333;69.61666666666667;1.2246467991473532e-16;-1.0
201;2006-07-01;73.2;72.7;71.3;69.9;70.45;99.3;2006;7;3;2000;71.4;71.3;70.1;69.8;67.7;71.96666666666665;71.1;70.075;-0.4999999999999997;-0.8660254037844388
202;2006-08-01;73.1;74.8;70.3;69.6;73.55;83.2;2006;8;3;2000;73.2;71.4;71.3;70.8;67.6;72.56666666666666;71.48333333333333;70.53333333333333;-0.8660254037844384;-0.5000000000000004
203;2006-09-01;73.2;75.3;70.3;72.5;71.7;74.8;2006;9;3;2000;73.1;73.2;71.4;69.8;68.6;73.16666666666667;72.05;70.91666666666667;-1.0;-1.8369701987210297e-16
204;2006-10-01;75.1;74.3;71.9;79.9;72.7;72.0;2006;10;4;2000;73.2;73.1;73.2;70.1;69.5;73.8;72.88333333333333;71.38333333333333;-0.8660254037844386;0.5000000000000001
205;2006-11-01;77.7;72.6;75.4;85.3;78.35;72.9;2006;11;4;2000;75.1;73.2;73.1;71.3;69.0;75.33333333333333;73.95;72.10833333333333;-0.5000000000000004;0.8660254037844384
206;2006-12-01;78.8;71.3;81.7;85.4;83.01;71.6;2006;12;4;2000;77.7;75.1;73.2;71.4;69.8;77.2;75.18333333333334;72.85833333333333;-2.4492935982947064e-16;1.0
207;2007-01-01;78.5;70.7;84.2;85.1;82.27;67.8;2007;1;1;2000;78.8;77.7;75.1;73.2;69.8;78.33333333333333;76.06666666666666;73.58333333333333;0.49999999999999994;0.8660254037844387
208;2007-02-01;80.0;72.2;88.3;87.0;82.87;65.4;2007;2;1;2000;78.5;78.8;77.7;73.1;70.8;79.10000000000001;77.21666666666665;74.35;0.8660254037844386;0.5000000000000001
209;2007-03-01;81.1;73.9;91.8;86.4;84.42;64.6;2007;3;1;2000;80.0;78.5;78.8;73.2;69.8;79.86666666666666;78.53333333333333;75.29166666666667;1.0;6.123233995736766e-17
210;2007-04-01;83.9;75.8;102.0;85.1;92.76;60.2;2007;4;2;2000;81.1;80.0;78.5;75.1;70.1;81.66666666666667;80.0;76.44166666666666;0.8660254037844387;-0.4999999999999998
211;2007-05-01;86.5;77.5;105.3;86.6;100.25;58.4;2007;5;2;2000;83.9;81.1;80.0;77.7;71.3;83.83333333333333;81.46666666666665;77.70833333333333;0.49999999999999994;-0.8660254037844387
212;2007-06-01;91.4;78.8;121.0;91.9;104.92;57.5;2007;6;2;2000;86.5;83.9;81.1;78.8;71.4;87.26666666666667;83.56666666666668;79.375;1.2246467991473532e-16;-1.0
213;2007-07-01;95.5;79.9;135.0;94.9;108.58;62.9;2007;7;3;2000;91.4;86.5;83.9;78.5;73.2;91.13333333333333;86.39999999999999;81.23333333333333;-0.4999999999999997;-0.8660254037844388
214;2007-08-01;99.1;79.9;141.5;102.1;112.8;60.7;2007;8;3;2000;95.5;91.4;86.5;80.0;73.1;95.33333333333333;89.58333333333333;83.39999999999999;-0.8660254037844384;-0.5000000000000004
215;2007-09-01;105.3;81.4;145.1;117.2;118.25;60.4;2007;9;3;2000;99.1;95.5;91.4;81.1;73.2;99.96666666666665;93.61666666666667;86.07499999999999;-1.0;-1.8369701987210297e-16
216;2007-10-01;107.9;80.1;148.0;121.3;125.85;61.9;2007;10;4;2000;105.3;99.1;95.5;83.9;75.1;104.10000000000001;97.61666666666667;88.80833333333334;-0.8660254037844386;0.5000000000000001
217;2007-11-01;110.8;81.1;154.0;121.0;136.25;62.5;2007;11;4;2000;107.9;105.3;99.1;86.5;77.7;108.0;101.66666666666667;91.56666666666666;-0.5000000000000004;0.8660254037844384
218;2007-12-01;114.7;81.8;152.6;132.2;138.56;66.3;2007;12;4;2000;110.8;107.9;105.3;91.4;78.8;111.13333333333333;105.55;94.55833333333334;-2.4492935982947064e-16;1.0
219;2008-01-01;120.4;82.8;150.6;141.0;154.1;74.1;2008;1;1;2000;114.7;110.8;107.9;95.5;78.5;115.30000000000001;109.69999999999999;98.05000000000001;0.49999999999999994;0.8660254037844387
220;2008-02-01;128.4;80.6;149.9;160.8;168.63;83.6;2008;2;1;2000;120.4;114.7;110.8;99.1;80.0;121.16666666666667;114.58333333333333;102.08333333333333;0.8660254037844386;0.5000000000000001
221;2008-03-01;132.4;85.6;152.6;163.3;176.6;81.7;2008;3;1;2000;128.4;120.4;114.7;105.3;81.1;127.06666666666668;119.10000000000001;106.35833333333335;1.0;6.123233995736766e-17
222;2008-04-01;130.7;87.0;148.9;162.7;169.41;77.7;2008;4;2;2000;132.4;128.4;120.4;107.9;83.9;130.5;122.89999999999999;110.25833333333334;0.8660254037844387;-0.4999999999999998
223;2008-05-01;130.3;91.8;144.3;157.4;172.02;74.7;2008;5;2;2000;130.7;132.4;128.4;110.8;86.5;131.13333333333333;126.15000000000002;113.90833333333335;0.49999999999999994;-0.8660254037844387
224;2008-06-01;132.7;93.6;143.9;160.3;178.32;75.0;2008;6;2;2000;130.3;130.7;132.4;114.7;91.4;131.23333333333335;129.15;117.35000000000001;1.2246467991473532e-16;-1.0
225;2008-07-01;130.2;100.4;144.1;148.2;164.8;88.1;2008;7;3;2000;132.7;130.3;130.7;120.4;95.5;131.06666666666663;130.78333333333333;120.24166666666666;-0.4999999999999997;-0.8660254037844388
226;2008-08-01;121.2;102.1;133.5;136.5;135.62;90.4;2008;8;3;2000;130.2;132.7;130.3;128.4;99.1;128.03333333333333;129.58333333333331;122.08333333333333;-0.8660254037844384;-0.5000000000000004
227;2008-09-01;112.8;100.9;120.5;125.3;120.59;83.7;2008;9;3;2000;121.2;130.2;132.7;132.4;105.3;121.39999999999999;126.31666666666666;122.70833333333333;-1.0;-1.8369701987210297e-16
228;2008-10-01;97.8;95.7;107.0;104.9;92.21;73.6;2008;10;4;2000;112.8;121.2;130.2;130.7;107.9;110.60000000000001;120.83333333333333;121.86666666666667;-0.8660254037844386;0.5000000000000001
229;2008-11-01;89.7;87.9;97.8;96.0;82.03;74.9;2008;11;4;2000;97.8;112.8;121.2;130.3;110.8;100.10000000000001;114.06666666666666;120.10833333333333;-0.5000000000000004;0.8660254037844384
230;2008-12-01;86.3;81.8;94.9;95.1;78.55;72.7;2008;12;4;2000;89.7;97.8;112.8;132.7;114.7;91.26666666666667;106.33333333333333;117.74166666666667;-2.4492935982947064e-16;1.0
231;2009-01-01;86.7;78.1;88.2;100.4;82.78;77.4;2009;1;1;2000;86.3;89.7;97.8;130.2;120.4;87.56666666666666;99.08333333333333;114.93333333333332;0.49999999999999994;0.8660254037844387
232;2009-02-01;84.5;76.0;82.6;97.2;82.24;81.9;2009;2;1;2000;86.7;86.3;89.7;121.2;128.4;85.83333333333333;92.96666666666665;111.27499999999999;0.8660254037844386;0.5000000000000001
233;2009-03-01;84.3;76.1;80.9;97.2;81.49;82.9;2009;3;1;2000;84.5;86.7;86.3;112.8;132.4;85.16666666666667;88.21666666666668;107.26666666666667;1.0;6.123233995736766e-17
234;2009-04-01;87.4;78.5;80.4;98.1;93.8;84.5;2009;4;2;2000;84.3;84.5;86.7;97.8;130.7;85.39999999999999;86.48333333333333;103.65833333333332;0.8660254037844387;-0.4999999999999998
235;2009-05-01;93.5;81.3;83.5;103.3;106.61;99.4;2009;5;2;2000;87.4;84.3;84.5;89.7;130.3;88.39999999999999;87.11666666666666;100.59166666666665;0.49999999999999994;-0.8660254037844387
236;2009-06-01;93.4;83.4;84.7;103.0;100.72;101.7;2009;6;2;2000;93.5;87.4;84.3;86.3;132.7;91.43333333333334;88.30000000000001;97.31666666666666;1.2246467991473532e-16;-1.0
237;2009-07-01;90.7;85.2;85.1;94.5;89.9;114.0;2009;7;3;2000;93.4;93.5;87.4;86.7;130.2;92.53333333333335;88.96666666666665;94.02500000000002;-0.4999999999999997;-0.8660254037844388
238;2009-08-01;93.5;85.4;88.0;91.9;97.85;138.8;2009;8;3;2000;90.7;93.4;93.5;84.5;121.2;92.53333333333335;90.46666666666665;91.71666666666668;-0.8660254037844384;-0.5000000000000004
239;2009-09-01;93.1;84.5;95.1;89.8;93.25;142.6;2009;9;3;2000;93.5;90.7;93.4;84.3;112.8;92.43333333333332;91.93333333333334;90.075;-1.0;-1.8369701987210297e-16
240;2009-10-01;94.8;82.6;102.7;93.8;95.17;140.1;2009;10;4;2000;93.1;93.5;90.7;87.4;97.8;93.8;93.16666666666667;89.825;-0.8660254037844386;0.5000000000000001
241;2009-11-01;98.9;83.9;113.1;98.0;101.76;137.8;2009;11;4;2000;94.8;93.1;93.5;93.5;89.7;95.60000000000001;94.06666666666666;90.59166666666665;-0.5000000000000004;0.8660254037844384
242;2009-12-01;100.8;84.5;112.8;99.0;107.56;145.6;2009;12;4;2000;98.9;94.8;93.1;93.4;86.3;98.16666666666667;95.3;91.8;-2.4492935982947064e-16;1.0
243;2010-01-01;101.8;86.0;109.0;98.4;107.1;163.8;2010;1;1;2010;100.8;98.9;94.8;90.7;86.7;100.5;97.14999999999999;93.05833333333334;0.49999999999999994;0.8660254037844387
244;2010-02-01;99.3;86.5;101.6;94.0;107.31;157.4;2010;2;1;2010;101.8;100.8;98.9;93.5;84.5;100.63333333333333;98.11666666666666;94.29166666666667;0.8660254037844386;0.5000000000000001
245;2010-03-01;96.5;87.5;101.6;91.8;110.33;115.5;2010;3;1;2010;99.3;101.8;100.8;93.1;84.3;99.2;98.68333333333334;95.30833333333334;1.0;6.123233995736766e-17
246;2010-04-01;97.1;90.1;109.7;90.7;109.36;101.8;2010;4;2;2010;96.5;99.3;101.8;94.8;87.4;97.63333333333333;99.06666666666666;96.11666666666666;0.8660254037844387;-0.4999999999999998
247;2010-05-01;96.4;90.1;111.8;90.6;107.17;94.1;2010;5;2;2010;97.1;96.5;99.3;98.9;93.5;96.66666666666667;98.64999999999999;96.35833333333333;0.49999999999999994;-0.8660254037844387
248;2010-06-01;95.9;91.2;110.4;87.8;106.03;98.1;2010;6;2;2010;96.4;97.1;96.5;100.8;93.4;96.46666666666665;97.83333333333333;96.56666666666668;1.2246467991473532e-16;-1.0
249;2010-07-01;100.0;92.0;112.8;95.3;110.13;107.9;2010;7;3;2010;95.9;96.4;97.1;101.8;90.7;97.43333333333334;97.53333333333335;97.34166666666665;-0.4999999999999997;-0.8660254037844388
250;2010-08-01;107.8;92.9;112.3;112.9;121.81;114.6;2010;8;3;2010;100.0;95.9;96.4;99.3;93.5;101.23333333333333;98.95;98.53333333333335;-0.8660254037844384;-0.5000000000000004
251;2010-09-01;114.1;92.5;116.0;125.9;124.85;138.7;2010;9;3;2010;107.8;100.0;95.9;96.5;93.1;107.3;101.88333333333334;100.28333333333335;-1.0;-1.8369701987210297e-16
252;2010-10-01;120.1;93.9;121.4;130.6;139.18;152.3;2010;10;4;2010;114.1;107.8;100.0;97.1;94.8;114.0;105.71666666666665;102.39166666666665;-0.8660254037844386;0.5000000000000001
253;2010-11-01;124.2;96.4;118.7;132.4;153.87;162.8;2010;11;4;2010;120.1;114.1;107.8;96.4;98.9;119.46666666666665;110.35000000000001;104.5;-0.5000000000000004;0.8660254037844384
254;2010-12-01;129.4;97.5;117.4;139.7;166.26;173.8;2010;12;4;2010;124.2;120.1;114.1;95.9;100.8;124.56666666666668;115.93333333333334;106.88333333333333;-2.4492935982947064e-16;1.0
255;2011-01-01;133.8;97.9;122.8;144.9;174.49;183.2;2011;1;1;2010;129.4;124.2;120.1;100.0;101.8;129.13333333333333;121.56666666666666;109.55;0.49999999999999994;0.8660254037844387
256;2011-02-01;137.7;100.5;130.3;151.4;175.43;182.4;2011;2;1;2010;133.8;129.4;124.2;107.8;99.3;133.63333333333333;126.55;112.75;0.8660254037844386;0.5000000000000001
257;2011-03-01;134.3;103.6;135.8;145.5;163.11;162.4;2011;3;1;2010;137.7;133.8;129.4;114.1;96.5;135.26666666666668;129.91666666666666;115.89999999999999;1.0;6.123233995736766e-17
258;2011-04-01;136.3;107.5;134.5;151.7;162.79;150.7;2011;4;2;2010;134.3;137.7;133.8;120.1;97.1;136.1;132.61666666666667;119.16666666666667;0.8660254037844387;-0.4999999999999998
259;2011-05-01;135.1;108.0;134.2;150.9;162.4;136.2;2011;5;2;2010;136.3;134.3;137.7;124.2;96.4;135.23333333333335;134.43333333333334;122.39166666666667;0.49999999999999994;-0.8660254037844387
260;2011-06-01;134.8;106.2;135.3;147.1;160.78;156.0;2011;6;2;2010;135.1;136.3;134.3;129.4;95.9;135.4;135.33333333333334;125.63333333333334;1.2246467991473532e-16;-1.0
261;2011-07-01;133.0;105.8;133.6;140.5;156.05;174.6;2011;7;3;2010;134.8;135.1;136.3;133.8;100.0;134.29999999999998;135.20000000000002;128.38333333333333;-0.4999999999999997;-0.8660254037844388
262;2011-08-01;132.7;104.9;131.9;144.9;151.48;171.7;2011;8;3;2010;133.0;134.8;135.1;137.7;107.8;133.5;134.36666666666667;130.45833333333334;-0.8660254037844384;-0.5000000000000004
263;2011-09-01;130.1;106.1;127.1;140.5;147.82;165.3;2011;9;3;2010;132.7;133.0;134.8;134.3;114.1;131.9333333333333;133.66666666666666;131.79166666666666;-1.0;-1.8369701987210297e-16
264;2011-10-01;125.6;105.9;126.2;133.1;137.99;157.5;2011;10;4;2010;130.1;132.7;133.0;136.3;120.1;129.46666666666667;131.88333333333333;132.25;-0.8660254037844386;0.5000000000000001
265;2011-11-01;125.9;107.8;125.1;130.9;144.96;148.2;2011;11;4;2010;125.6;130.1;132.7;135.1;124.2;127.2;130.35;132.39166666666668;-0.5000000000000004;0.8660254037844384
266;2011-12-01;121.9;106.1;122.0;124.4;140.45;142.6;2011;12;4;2010;125.9;125.6;130.1;134.8;129.4;124.46666666666665;128.2;131.76666666666668;-2.4492935982947064e-16;1.0
267;2012-01-01;122.2;102.6;120.3;127.2;144.33;145.8;2012;1;1;2010;121.9;125.9;125.6;133.0;133.8;123.33333333333333;126.40000000000002;130.8;0.49999999999999994;0.8660254037844387
268;2012-02-01;125.3;105.5;121.2;131.1;148.34;149.3;2012;2;1;2010;122.2;121.9;125.9;132.7;137.7;123.13333333333333;125.16666666666667;129.76666666666668;0.8660254037844386;0.5000000000000001
269;2012-03-01;125.7;106.2;118.1;130.6;152.47;149.1;2012;3;1;2010;125.3;122.2;121.9;130.1;134.3;124.39999999999999;124.43333333333334;129.05;1.0;6.123233995736766e-17
270;2012-04-01;124.4;105.8;112.5;129.1;156.29;141.3;2012;4;2;2010;125.7;125.3;122.2;125.6;136.3;125.13333333333334;124.23333333333333;128.05833333333334;0.8660254037844387;-0.4999999999999998
271;2012-05-01;119.0;103.7;105.5;126.3;144.4;128.5;2012;5;2;2010;124.4;125.7;125.3;125.9;135.1;123.03333333333335;123.08333333333333;126.71666666666665;0.49999999999999994;-0.8660254037844387
272;2012-06-01;115.8;101.1;102.3;125.3;135.26;126.7;2012;6;2;2010;119.0;124.4;125.7;121.9;134.8;119.73333333333335;122.06666666666666;125.13333333333333;1.2246467991473532e-16;-1.0
273;2012-07-01;122.0;99.8;99.7;143.9;138.56;141.4;2012;7;3;2010;115.8;119.0;124.4;122.2;133.0;118.93333333333332;122.03333333333332;124.21666666666665;-0.4999999999999997;-0.8660254037844388
274;2012-08-01;123.2;102.5;102.0;147.1;138.31;129.2;2012;8;3;2010;122.0;115.8;119.0;125.3;132.7;120.33333333333333;121.68333333333334;123.425;-0.8660254037844384;-0.5000000000000004
275;2012-09-01;125.1;106.7;111.0;146.8;136.93;123.7;2012;9;3;2010;123.2;122.0;115.8;125.7;130.1;123.43333333333334;121.58333333333333;123.00833333333334;-1.0;-1.8369701987210297e-16
276;2012-10-01;124.0;107.9;114.2;146.5;124.9;125.7;2012;10;4;2010;125.1;123.2;122.0;124.4;125.6;124.10000000000001;121.51666666666667;122.875;-0.8660254037844386;0.5000000000000001
277;2012-11-01;123.5;107.4;114.9;148.5;121.52;119.7;2012;11;4;2010;124.0;125.1;123.2;119.0;125.9;124.2;122.26666666666667;122.67500000000001;-0.5000000000000004;0.8660254037844384
278;2012-12-01;122.8;107.2;118.1;146.4;118.38;119.5;2012;12;4;2010;123.5;124.0;125.1;115.8;121.9;123.43333333333332;123.43333333333334;122.75;-2.4492935982947064e-16;1.0
279;2013-01-01;123.4;106.6;121.0;145.2;124.28;116.8;2013;1;1;2010;122.8;123.5;124.0;122.0;122.2;123.23333333333333;123.66666666666667;122.84999999999998;0.49999999999999994;0.8660254037844387
280;2013-02-01;123.3;107.8;123.8;142.3;125.55;113.0;2013;2;1;2010;123.4;122.8;123.5;123.2;125.3;123.16666666666667;123.68333333333334;122.68333333333334;0.8660254037844386;0.5000000000000001
281;2013-03-01;122.9;108.2;128.0;139.9;122.38;114.3;2013;3;1;2010;123.3;123.4;122.8;125.1;125.7;123.2;123.31666666666666;122.44999999999999;1.0;6.123233995736766e-17
282;2013-04-01;122.9;108.8;140.8;134.9;120.64;110.2;2013;4;2;2010;122.9;123.3;123.4;124.0;124.4;123.03333333333335;123.13333333333333;122.325;0.8660254037844387;-0.4999999999999998
283;2013-05-01;122.2;105.7;140.0;136.4;121.05;109.1;2013;5;2;2010;122.9;122.9;123.3;123.5;119.0;122.66666666666667;122.91666666666667;122.59166666666668;0.49999999999999994;-0.8660254037844387
284;2013-06-01;120.9;105.0;140.3;133.8;120.68;105.8;2013;6;2;2010;122.2;122.9;122.9;122.8;115.8;122.0;122.60000000000001;123.01666666666667;1.2246467991473532e-16;-1.0
285;2013-07-01;118.0;104.7;141.0;126.4;116.22;104.2;2013;7;3;2010;120.9;122.2;122.9;123.4;122.0;120.36666666666667;121.7;122.68333333333334;-0.4999999999999997;-0.8660254037844388
286;2013-08-01;116.2;105.5;145.6;119.2;111.89;105.4;2013;8;3;2010;118.0;120.9;122.2;123.3;123.2;118.36666666666667;120.51666666666667;122.10000000000001;-0.8660254037844384;-0.5000000000000004
287;2013-09-01;116.4;106.0;149.0;116.7;112.92;107.5;2013;9;3;2010;116.2;118.0;120.9;122.9;125.1;116.86666666666667;119.43333333333334;121.375;-1.0;-1.8369701987210297e-16
288;2013-10-01;118.7;106.3;153.0;118.7;116.04;115.5;2013;10;4;2010;116.4;116.2;118.0;122.9;124.0;117.10000000000001;118.73333333333335;120.93333333333332;-0.8660254037844386;0.5000000000000001
289;2013-11-01;118.6;105.4;151.9;118.0;121.97;109.3;2013;11;4;2010;118.7;116.4;116.2;122.2;123.5;117.90000000000002;118.13333333333333;120.52499999999999;-0.5000000000000004;0.8660254037844384
290;2013-12-01;118.2;104.7;156.5;117.9;120.38;102.4;2013;12;4;2010;118.6;118.7;116.4;120.9;122.8;118.5;117.68333333333334;120.14166666666667;-2.4492935982947064e-16;1.0
291;2014-01-01;116.2;103.2;156.2;117.0;115.58;96.7;2014;1;1;2010;118.2;118.6;118.7;118.0;123.4;117.66666666666667;117.38333333333333;119.54166666666667;0.49999999999999994;0.8660254037844387
292;2014-02-01;118.6;104.1;156.4;119.7;120.84;102.6;2014;2;1;2010;116.2;118.2;118.6;116.2;123.3;117.66666666666667;117.78333333333332;119.14999999999999;0.8660254037844386;0.5000000000000001
293;2014-03-01;122.1;106.3;154.8;125.4;125.38;110.8;2014;3;1;2010;118.6;116.2;118.2;116.4;122.9;118.96666666666665;118.73333333333333;119.08333333333333;1.0;6.123233995736766e-17
294;2014-04-01;121.5;109.7;147.3;125.5;121.53;109.0;2014;4;2;2010;122.1;118.6;116.2;118.7;122.9;120.73333333333333;119.2;118.96666666666665;0.8660254037844387;-0.4999999999999998
295;2014-05-01;121.2;111.7;141.8;125.2;119.18;113.1;2014;5;2;2010;121.5;122.1;118.6;118.6;122.2;121.60000000000001;119.63333333333334;118.88333333333333;0.49999999999999994;-0.8660254037844387
296;2014-06-01;119.2;116.0;136.1;118.7;115.22;112.5;2014;6;2;2010;121.2;121.5;122.1;118.2;120.9;120.63333333333333;119.8;118.74166666666667;1.2246467991473532e-16;-1.0
297;2014-07-01;116.3;117.4;130.2;112.2;110.63;113.0;2014;7;3;2010;119.2;121.2;121.5;116.2;118.0;118.89999999999999;119.81666666666666;118.60000000000001;-0.4999999999999997;-0.8660254037844388
298;2014-08-01;112.8;118.5;120.6;110.4;101.65;106.6;2014;8;3;2010;116.3;119.2;121.2;118.6;116.2;116.10000000000001;118.85000000000001;118.31666666666666;-0.8660254037844384;-0.5000000000000004
299;2014-09-01;109.2;117.5;110.8;107.4;98.55;99.5;2014;9;3;2010;112.8;116.3;119.2;122.1;116.4;112.76666666666667;116.7;117.71666666666665;-1.0;-1.8369701987210297e-16
300;2014-10-01;109.3;117.1;107.1;108.2;100.09;103.6;2014;10;4;2010;109.2;112.8;116.3;121.5;118.7;110.43333333333332;114.66666666666667;116.93333333333334;-0.8660254037844386;0.5000000000000001
301;2014-11-01;108.1;114.8;102.6;109.3;100.85;100.2;2014;11;4;2010;109.3;109.2;112.8;121.2;118.6;108.86666666666667;112.48333333333333;116.05833333333334;-0.5000000000000004;0.8660254037844384
302;2014-12-01;105.2;108.9;98.5;110.9;97.89;94.8;2014;12;4;2010;108.1;109.3;109.2;119.2;118.2;107.53333333333335;110.14999999999999;114.97499999999998;-2.4492935982947064e-16;1.0
303;2015-01-01;101.0;104.6;92.4;105.9;95.0;95.0;2015;1;1;2010;105.2;108.1;109.3;116.3;116.2;104.76666666666667;107.59999999999998;113.70833333333333;0.49999999999999994;0.8660254037844387
304;2015-02-01;98.7;101.3;95.2;101.6;95.18;90.3;2015;2;1;2010;101.0;105.2;108.1;112.8;118.6;101.63333333333333;105.25;112.05;0.8660254037844386;0.5000000000000001
305;2015-03-01;95.7;97.1;95.1;99.5;92.62;82.0;2015;3;1;2010;98.7;101.0;105.2;109.2;122.1;98.46666666666668;103.0;109.85000000000001;1.0;6.123233995736766e-17
306;2015-04-01;94.6;97.4;90.6;98.2;91.87;80.9;2015;4;2;2010;95.7;98.7;101.0;109.3;121.5;96.33333333333333;100.55;107.60833333333333;0.8660254037844387;-0.4999999999999998
307;2015-05-01;95.0;99.6;89.9;95.7;94.49;82.6;2015;5;2;2010;94.6;95.7;98.7;108.1;121.2;95.10000000000001;98.36666666666666;105.425;0.49999999999999994;-0.8660254037844387
308;2015-06-01;94.6;98.7;87.7;96.7;95.89;77.1;2015;6;2;2010;95.0;94.6;95.7;105.2;119.2;94.73333333333333;96.60000000000001;103.375;1.2246467991473532e-16;-1.0
309;2015-07-01;93.8;99.0;82.2;98.9;90.43;79.0;2015;7;3;2010;94.6;95.0;94.6;101.0;116.3;94.46666666666665;95.39999999999999;101.5;-0.4999999999999997;-0.8660254037844388
310;2015-08-01;89.5;99.0;79.9;91.9;82.29;71.2;2015;8;3;2010;93.8;94.6;95.0;98.7;112.8;92.63333333333333;93.86666666666667;99.55833333333334;-0.8660254037844384;-0.5000000000000004
311;2015-09-01;88.9;96.7;83.2;90.5;81.96;73.4;2015;9;3;2010;89.5;93.8;94.6;95.7;109.2;90.73333333333335;92.73333333333333;97.86666666666667;-1.0;-1.8369701987210297e-16
312;2015-10-01;90.3;92.1;88.0;91.7;87.76;86.1;2015;10;4;2010;88.9;89.5;93.8;94.6;109.3;89.56666666666666;92.01666666666667;96.28333333333335;-0.8660254037844386;0.5000000000000001
313;2015-11-01;87.7;89.2;80.5;90.5;85.13;90.0;2015;11;4;2010;90.3;88.9;89.5;95.0;108.1;88.96666666666665;90.8;94.58333333333333;-0.5000000000000004;0.8660254037844384
314;2015-12-01;87.0;86.8;81.0;89.4;86.68;90.6;2015;12;4;2010;87.7;90.3;88.9;94.6;105.2;88.33333333333333;89.53333333333335;93.06666666666668;-2.4492935982947064e-16;1.0
315;2016-01-01;84.9;84.4;79.4;87.6;85.29;86.9;2016;1;1;2010;87.0;87.7;90.3;93.8;101.0;86.53333333333335;88.05;91.72500000000001;0.49999999999999994;0.8660254037844387
316;2016-02-01;86.1;86.0;78.8;87.3;92.15;81.6;2016;2;1;2010;84.9;87.0;87.7;89.5;98.7;86.0;87.48333333333333;90.675;0.8660254037844386;0.5000000000000001
317;2016-03-01;87.4;86.1;76.7;86.5;97.34;95.5;2016;3;1;2010;86.1;84.9;87.0;88.9;95.7;86.13333333333333;87.23333333333335;89.98333333333333;1.0;6.123233995736766e-17
318;2016-04-01;89.1;87.7;77.1;88.4;101.17;93.9;2016;4;2;2010;87.4;86.1;84.9;90.3;94.6;87.53333333333335;87.03333333333335;89.52499999999999;0.8660254037844387;-0.4999999999999998
319;2016-05-01;90.6;90.2;72.7;91.1;99.56;104.8;2016;5;2;2010;89.1;87.4;86.1;87.7;95.0;89.03333333333335;87.51666666666665;89.15833333333335;0.49999999999999994;-0.8660254037844387
320;2016-06-01;93.8;94.1;73.9;94.1;97.93;120.4;2016;6;2;2010;90.6;89.1;87.4;87.0;94.6;91.16666666666667;88.64999999999999;89.09166666666665;1.2246467991473532e-16;-1.0
321;2016-07-01;93.0;95.3;76.0;90.4;94.9;121.6;2016;7;3;2010;93.8;90.6;89.1;84.9;93.8;92.46666666666665;90.0;89.02499999999999;-0.4999999999999997;-0.8660254037844388
322;2016-08-01;95.3;96.4;81.8;89.3;102.39;124.6;2016;8;3;2010;93.0;93.8;90.6;86.1;89.5;94.03333333333335;91.53333333333332;89.50833333333333;-0.8660254037844384;-0.5000000000000004
323;2016-09-01;96.1;94.9;90.9;86.3;104.32;132.9;2016;9;3;2010;95.3;93.0;93.8;87.4;88.9;94.8;92.98333333333333;90.10833333333333;-1.0;-1.8369701987210297e-16
324;2016-10-01;95.9;93.0;93.8;86.7;101.85;137.5;2016;10;4;2010;96.1;95.3;93.0;89.1;90.3;95.76666666666665;94.11666666666666;90.57499999999999;-0.8660254037844386;0.5000000000000001
325;2016-11-01;96.0;93.9;94.5;86.0;106.16;125.2;2016;11;4;2010;95.9;96.1;95.3;90.6;87.7;96.0;95.01666666666667;91.26666666666667;-0.5000000000000004;0.8660254037844384
326;2016-12-01;95.3;91.2;96.2;86.1;110.26;114.5;2016;12;4;2010;96.0;95.9;96.1;93.8;87.0;95.73333333333333;95.26666666666667;91.95833333333333;-2.4492935982947064e-16;1.0
327;2017-01-01;97.8;92.2;98.6;88.7;112.19;125.8;2017;1;1;2010;95.3;96.0;95.9;93.0;84.9;96.36666666666667;96.06666666666666;93.03333333333332;0.49999999999999994;0.8660254037844387
328;2017-02-01;98.1;94.0;99.2;90.0;107.97;125.6;2017;2;1;2010;97.8;95.3;96.0;95.3;86.1;97.06666666666666;96.53333333333335;94.03333333333335;0.8660254037844386;0.5000000000000001
329;2017-03-01;96.2;95.4;100.6;87.9;101.59;111.9;2017;3;1;2010;98.1;97.8;95.3;96.1;87.4;97.36666666666666;96.55;94.76666666666665;1.0;6.123233995736766e-17
330;2017-04-01;95.0;97.3;100.0;86.9;97.58;101.7;2017;4;2;2010;96.2;98.1;97.8;95.9;89.1;96.43333333333334;96.39999999999999;95.25833333333333;0.8660254037844387;-0.4999999999999998
331;2017-05-01;97.3;99.3;104.8;88.3;101.96;99.4;2017;5;2;2010;95.0;96.2;98.1;96.0;90.6;96.16666666666667;96.61666666666667;95.81666666666668;0.49999999999999994;-0.8660254037844387
332;2017-06-01;97.8;100.1;109.7;92.4;97.47;86.0;2017;6;2;2010;97.3;95.0;96.2;95.3;93.8;96.7;97.03333333333335;96.14999999999999;1.2246467991473532e-16;-1.0
333;2017-07-01;100.0;100.6;113.9;96.9;96.66;90.5;2017;7;3;2010;97.8;97.3;95.0;97.8;93.0;98.36666666666667;97.39999999999999;96.73333333333333;-0.4999999999999997;-0.8660254037844388
334;2017-08-01;99.2;100.0;116.9;92.3;99.16;88.9;2017;8;3;2010;100.0;97.8;97.3;98.1;95.3;99.0;97.58333333333333;97.05833333333334;-0.8660254037844384;-0.5000000000000004
335;2017-09-01;99.7;98.6;118.4;92.1;103.83;89.0;2017;9;3;2010;99.2;100.0;97.8;96.2;96.1;99.63333333333333;98.16666666666667;97.35833333333333;-1.0;-1.8369701987210297e-16
336;2017-10-01;98.8;98.2;115.4;91.8;102.68;88.7;2017;10;4;2010;99.7;99.2;100.0;95.0;95.9;99.23333333333333;98.8;97.60000000000001;-0.8660254037844386;0.5000000000000001
337;2017-11-01;98.8;98.0;111.4;92.1;103.85;92.7;2017;11;4;2010;98.8;99.7;99.2;97.3;96.0;99.10000000000001;99.05000000000001;97.83333333333333;-0.5000000000000004;0.8660254037844384
338;2017-12-01;96.4;96.0;107.3;92.4;97.96;89.0;2017;12;4;2010;98.8;98.8;99.7;97.8;95.3;98.0;98.81666666666666;97.925;-2.4492935982947064e-16;1.0
339;2018-01-01;96.7;95.3;106.0;95.2;98.25;87.2;2018;1;1;2010;96.4;98.8;98.8;100.0;97.8;97.3;98.26666666666667;97.83333333333333;0.49999999999999994;0.8660254037844387
340;2018-02-01;97.8;96.6;108.8;98.4;95.6;83.9;2018;2;1;2010;96.7;96.4;98.8;99.2;98.1;96.96666666666665;98.03333333333332;97.80833333333332;0.8660254037844386;0.5000000000000001
341;2018-03-01;98.8;96.6;111.3;101.8;95.36;80.9;2018;3;1;2010;97.8;96.7;96.4;99.7;96.2;97.76666666666667;97.88333333333333;98.02500000000002;1.0;6.123233995736766e-17
342;2018-04-01;98.4;95.4;110.0;104.0;94.02;76.8;2018;4;2;2010;98.8;97.8;96.7;98.8;95.0;98.33333333333333;97.81666666666668;98.30833333333334;0.8660254037844387;-0.4999999999999998
343;2018-05-01;98.5;94.9;111.4;105.5;92.15;76.4;2018;5;2;2010;98.4;98.8;97.8;98.8;97.3;98.56666666666666;97.76666666666667;98.40833333333332;0.49999999999999994;-0.8660254037844387
344;2018-06-01;96.8;94.7;112.3;100.8;89.33;77.4;2018;6;2;2010;98.5;98.4;98.8;96.4;97.8;97.89999999999999;97.83333333333333;98.32499999999999;1.2246467991473532e-16;-1.0
345;2018-07-01;95.0;94.3;110.1;98.7;86.9;72.5;2018;7;3;2010;96.8;98.5;98.4;96.7;100.0;96.76666666666667;97.55;97.90833333333332;-0.4999999999999997;-0.8660254037844388
346;2018-08-01;95.8;95.4;108.5;103.5;84.43;68.6;2018;8;3;2010;95.0;96.8;98.5;97.8;99.2;95.86666666666667;97.21666666666665;97.625;-0.8660254037844384;-0.5000000000000004
347;2018-09-01;94.0;93.4;108.3;100.3;82.33;70.4;2018;9;3;2010;95.8;95.0;96.8;98.8;99.7;94.93333333333332;96.41666666666667;97.15000000000002;-1.0;-1.8369701987210297e-16
348;2018-10-01;93.2;91.9;102.8;100.9;81.33;76.5;2018;10;4;2010;94.0;95.8;95.0;98.4;98.8;94.33333333333333;95.55;96.68333333333332;-0.8660254037844386;0.5000000000000001
349;2018-11-01;91.9;92.1;100.0;99.6;76.59;79.9;2018;11;4;2010;93.2;94.0;95.8;98.5;98.8;93.03333333333335;94.45;96.10833333333333;-0.5000000000000004;0.8660254037844384
350;2018-12-01;92.0;92.3;97.8;101.1;76.84;78.3;2018;12;4;2010;91.9;93.2;94.0;96.8;96.4;92.36666666666667;93.64999999999999;95.74166666666667;-2.4492935982947064e-16;1.0
351;2019-01-01;93.1;91.6;100.9;101.8;80.26;79.3;2019;1;1;2010;92.0;91.9;93.2;95.0;96.7;92.33333333333333;93.33333333333333;95.44166666666666;0.49999999999999994;0.8660254037844387
352;2019-02-01;93.8;92.5;103.8;100.7;81.78;80.3;2019;2;1;2010;93.1;92.0;91.9;95.8;97.8;92.96666666666665;93.0;95.10833333333335;0.8660254037844386;0.5000000000000001
353;2019-03-01;93.0;94.0;105.6;97.5;78.41;78.7;2019;3;1;2010;93.8;93.1;92.0;94.0;98.8;93.3;92.83333333333333;94.625;1.0;6.123233995736766e-17
354;2019-04-01;93.5;97.3;106.1;94.6;79.11;79.3;2019;4;2;2010;93.0;93.8;93.1;93.2;98.4;93.43333333333334;92.88333333333333;94.21666666666668;0.8660254037844387;-0.4999999999999998
355;2019-05-01;94.2;100.2;106.6;94.4;78.5;76.7;2019;5;2;2010;93.5;93.0;93.8;91.9;98.5;93.56666666666666;93.26666666666667;93.85833333333333;0.49999999999999994;-0.8660254037844387
356;2019-06-01;95.4;101.2;102.9;99.2;77.46;79.9;2019;6;2;2010;94.2;93.5;93.0;92.0;96.8;94.36666666666667;93.83333333333333;93.74166666666667;1.2246467991473532e-16;-1.0
357;2019-07-01;95.1;102.3;101.1;97.6;78.09;79.4;2019;7;3;2010;95.4;94.2;93.5;93.1;95.0;94.89999999999999;94.16666666666667;93.75;-0.4999999999999997;-0.8660254037844388
358;2019-08-01;93.8;101.6;100.3;92.6;82.59;76.2;2019;8;3;2010;95.1;95.4;94.2;93.8;95.8;94.76666666666667;94.16666666666667;93.58333333333333;-0.8660254037844384;-0.5000000000000004
359;2019-09-01;93.2;100.6;99.6;91.8;83.89;73.5;2019;9;3;2010;93.8;95.1;95.4;93.0;94.0;94.03333333333332;94.2;93.51666666666665;-1.0;-1.8369701987210297e-16
360;2019-10-01;95.0;100.9;100.8;96.0;84.11;77.8;2019;10;4;2010;93.2;93.8;95.1;93.5;93.2;94.0;94.45;93.66666666666667;-0.8660254037844386;0.5000000000000001
361;2019-11-01;98.2;105.4;102.5;95.6;93.16;79.2;2019;11;4;2010;95.0;93.2;93.8;94.2;91.9;95.46666666666665;95.11666666666667;94.19166666666666;-0.5000000000000004;0.8660254037844384
362;2019-12-01;100.8;106.0;103.5;97.4;101.5;83.0;2019;12;4;2010;98.2;95.0;93.2;95.4;92.0;98.0;96.01666666666667;94.925;-2.4492935982947064e-16;1.0
363;2020-01-01;102.5;103.5;103.8;100.7;108.73;87.5;2020;1;1;2020;100.8;98.2;95.0;95.1;93.1;100.5;97.25;95.70833333333333;0.49999999999999994;0.8660254037844387
364;2020-02-01;99.6;101.0;102.8;99.6;97.55;91.4;2020;2;1;2020;102.5;100.8;98.2;93.8;93.8;100.96666666666665;98.21666666666668;96.19166666666666;0.8660254037844386;0.5000000000000001
365;2020-03-01;95.2;99.5;101.6;98.0;85.42;73.9;2020;3;1;2020;99.6;102.5;100.8;93.2;93.0;99.09999999999998;98.55;96.375;1.0;6.123233995736766e-17
366;2020-04-01;92.4;96.5;95.9;99.6;81.18;63.2;2020;4;2;2020;95.2;99.6;102.5;95.0;93.5;95.73333333333333;98.11666666666667;96.28333333333332;0.8660254037844387;-0.4999999999999998
367;2020-05-01;91.2;95.4;94.5;98.0;77.77;67.8;2020;5;2;2020;92.4;95.2;99.6;98.2;94.2;92.93333333333334;96.95;96.03333333333335;0.49999999999999994;-0.8660254037844387
368;2020-06-01;93.1;94.5;98.3;97.3;86.61;74.9;2020;6;2;2020;91.2;92.4;95.2;100.8;95.4;92.23333333333333;95.66666666666667;95.84166666666665;1.2246467991473532e-16;-1.0
369;2020-07-01;93.8;91.4;101.8;97.3;93.2;76.0;2020;7;3;2020;93.1;91.2;92.4;102.5;95.1;92.7;94.21666666666665;95.73333333333335;-0.4999999999999997;-0.8660254037844388
370;2020-08-01;95.7;91.4;102.1;99.2;98.7;81.1;2020;8;3;2020;93.8;93.1;91.2;99.6;93.8;94.2;93.56666666666666;95.89166666666665;-0.8660254037844384;-0.5000000000000004
371;2020-09-01;97.9;91.2;102.3;104.3;104.6;79.0;2020;9;3;2020;95.7;93.8;93.1;95.2;93.2;95.8;94.01666666666667;96.28333333333335;-1.0;-1.8369701987210297e-16
372;2020-10-01;101.3;91.6;104.5;112.1;106.45;84.7;2020;10;4;2020;97.9;95.7;93.8;92.4;95.0;98.3;95.5;96.80833333333334;-0.8660254037844386;0.5000000000000001
373;2020-11-01;105.5;93.1;105.4;114.8;121.9;87.5;2020;11;4;2020;101.3;97.9;95.7;91.2;98.2;101.56666666666668;97.88333333333333;97.41666666666667;-0.5000000000000004;0.8660254037844384
374;2020-12-01;108.5;94.7;108.7;116.4;131.2;87.1;2020;12;4;2020;105.5;101.3;97.9;93.1;100.8;105.09999999999998;100.45;98.05833333333334;-2.4492935982947064e-16;1.0
375;2021-01-01;113.5;95.9;111.1;125.0;138.87;94.2;2021;1;1;2020;108.5;105.5;101.3;93.8;102.5;109.16666666666667;103.73333333333335;98.97500000000001;0.49999999999999994;0.8660254037844387
376;2021-02-01;116.5;97.7;112.8;126.1;147.46;100.2;2021;2;1;2020;113.5;108.5;105.5;95.7;99.6;112.83333333333333;107.2;100.38333333333333;0.8660254037844386;0.5000000000000001
377;2021-03-01;119.1;100.5;117.2;123.9;159.3;96.2;2021;3;1;2020;116.5;113.5;108.5;97.9;95.2;116.36666666666667;110.73333333333333;102.375;1.0;6.123233995736766e-17
378;2021-04-01;122.1;104.4;119.0;126.2;162.19;100.0;2021;4;2;2020;119.1;116.5;113.5;101.3;92.4;119.23333333333333;114.19999999999999;104.85000000000001;0.8660254037844387;-0.4999999999999998
379;2021-05-01;128.4;108.1;121.2;133.7;174.9;106.8;2021;5;2;2020;122.1;119.1;116.5;105.5;91.2;123.2;118.01666666666667;107.95;0.49999999999999994;-0.8660254037844387
380;2021-06-01;125.4;110.9;120.1;130.3;157.7;107.7;2021;6;2;2020;128.4;122.1;119.1;108.5;93.1;125.3;120.83333333333333;110.64166666666667;1.2246467991473532e-16;-1.0
381;2021-07-01;124.4;113.3;117.2;126.3;155.5;109.6;2021;7;3;2020;125.4;128.4;122.1;113.5;93.8;126.06666666666668;122.64999999999999;113.19166666666666;-0.4999999999999997;-0.8660254037844388
382;2021-08-01;128.0;113.1;117.2;130.4;165.9;120.5;2021;8;3;2020;124.4;125.4;128.4;116.5;95.7;125.93333333333334;124.56666666666668;115.88333333333334;-0.8660254037844384;-0.5000000000000004
383;2021-09-01;129.1;112.1;119.2;132.8;168.6;121.2;2021;9;3;2020;128.0;124.4;125.4;119.1;97.9;127.16666666666667;126.23333333333335;118.48333333333333;-1.0;-1.8369701987210297e-16
384;2021-10-01;133.3;111.6;122.6;137.1;184.8;119.1;2021;10;4;2020;129.1;128.0;124.4;122.1;101.3;130.13333333333335;128.1;121.15000000000002;-0.8660254037844386;0.5000000000000001
385;2021-11-01;135.4;112.4;127.2;141.4;184.6;120.2;2021;11;4;2020;133.3;129.1;128.0;128.4;105.5;132.6;129.26666666666668;123.64166666666667;-0.5000000000000004;0.8660254037844384
386;2021-12-01;133.7;110.5;130.4;140.5;178.5;116.4;2021;12;4;2020;135.4;133.3;129.1;125.4;108.5;134.13333333333333;130.65;125.74166666666667;-2.4492935982947064e-16;1.0
387;2022-01-01;135.7;111.7;134.3;140.6;185.9;112.7;2022;1;1;2020;133.7;135.4;133.3;124.4;113.5;134.9333333333333;132.53333333333333;127.59166666666668;0.49999999999999994;0.8660254037844387
388;2022-02-01;141.7;113.7;145.0;145.3;201.7;110.5;2022;2;1;2020;135.7;133.7;135.4;128.0;116.5;137.03333333333333;134.81666666666666;129.69166666666666;0.8660254037844386;0.5000000000000001
389;2022-03-01;160.2;119.3;149.6;170.1;251.8;117.9;2022;3;1;2020;141.7;135.7;133.7;129.1;119.1;145.86666666666665;139.99999999999997;133.11666666666665;1.0;6.123233995736766e-17
390;2022-04-01;158.8;121.3;150.7;169.7;237.5;121.5;2022;4;2;2020;160.2;141.7;135.7;133.3;122.1;153.5666666666667;144.25;136.17499999999998;0.8660254037844387;-0.4999999999999998
391;2022-05-01;158.7;122.5;149.7;173.5;229.2;120.4;2022;5;2;2020;158.8;160.2;141.7;135.4;128.4;159.23333333333332;148.13333333333333;138.7;0.49999999999999994;-0.8660254037844387
392;2022-06-01;155.7;125.4;158.2;166.3;211.8;117.3;2022;6;2;2020;158.7;158.8;160.2;133.7;125.4;157.73333333333335;151.79999999999998;141.225;1.2246467991473532e-16;-1.0
393;2022-07-01;141.6;123.3;155.6;147.3;168.8;112.8;2022;7;3;2020;155.7;158.7;158.8;135.7;124.4;151.99999999999997;152.78333333333333;142.65833333333333;-0.4999999999999997;-0.8660254037844388
394;2022-08-01;138.7;120.3;153.1;145.6;163.3;110.5;2022;8;3;2020;141.6;155.7;158.7;141.7;128.0;145.33333333333331;152.28333333333333;143.54999999999998;-0.8660254037844384;-0.5000000000000004
395;2022-09-01;137.3;119.9;152.8;147.9;152.6;109.7;2022;9;3;2020;138.7;141.6;155.7;160.2;129.1;139.2;148.46666666666667;144.23333333333332;-1.0;-1.8369701987210297e-16
396;2022-10-01;136.7;116.5;149.2;152.3;151.3;108.6;2022;10;4;2020;137.3;138.7;141.6;158.8;133.3;137.56666666666666;144.78333333333333;144.51666666666668;-0.8660254037844386;0.5000000000000001
397;2022-11-01;136.0;114.1;147.4;150.1;154.7;114.4;2022;11;4;2020;136.7;137.3;138.7;158.7;135.4;136.66666666666666;141.0;144.56666666666666;-0.5000000000000004;0.8660254037844384
398;2022-12-01;133.1;111.9;148.6;147.3;144.6;117.2;2022;12;4;2020;136.0;136.7;137.3;155.7;133.7;135.26666666666665;137.23333333333332;144.51666666666665;-2.4492935982947064e-16;1.0
399;2023-01-01;131.4;110.5;144.7;147.5;140.4;116.8;2023;1;1;2020;133.1;136.0;136.7;141.6;135.7;133.5;135.53333333333333;144.15833333333333;0.49999999999999994;0.8660254037844387
400;2023-02-01;130.7;112.1;138.7;146.7;135.9;125.2;2023;2;1;2020;131.4;133.1;136.0;138.7;141.7;131.73333333333332;134.20000000000002;143.24166666666667;0.8660254037844386;0.5000000000000001
401;2023-03-01;128.0;114.1;135.3;138.6;131.8;127.0;2023;3;1;2020;130.7;131.4;133.1;137.3;160.2;130.03333333333333;132.65;140.55833333333334;1.0;6.123233995736766e-17
402;2023-04-01;128.4;116.0;129.3;136.1;130.0;149.4;2023;4;2;2020;128.0;130.7;131.4;136.7;158.8;129.03333333333333;131.26666666666668;138.025;0.8660254037844387;-0.4999999999999998
403;2023-05-01;124.5;117.4;121.7;129.3;118.7;157.2;2023;5;2;2020;128.4;128.0;130.7;136.0;158.7;126.96666666666665;129.35;135.17499999999998;0.49999999999999994;-0.8660254037844387
404;2023-06-01;123.0;118.6;119.9;126.6;115.8;152.2;2023;6;2;2020;124.5;128.4;128.0;133.1;155.7;125.3;127.66666666666667;132.45;1.2246467991473532e-16;-1.0
405;2023-07-01;124.4;117.9;119.1;125.9;129.8;146.3;2023;7;3;2020;123.0;124.5;128.4;131.4;141.6;123.96666666666665;126.5;131.01666666666668;-0.4999999999999997;-0.8660254037844388
406;2023-08-01;121.8;114.5;114.3;125.0;125.8;148.2;2023;8;3;2020;124.4;123.0;124.5;130.7;138.7;123.06666666666666;125.01666666666665;129.60833333333332;-0.8660254037844384;-0.5000000000000004
407;2023-09-01;121.7;113.4;112.0;126.3;120.9;162.7;2023;9;3;2020;121.8;124.4;123.0;128.0;137.3;122.63333333333333;123.96666666666665;128.30833333333334;-1.0;-1.8369701987210297e-16
408;2023-10-01;120.7;112.0;114.6;124.8;120.0;159.2;2023;10;4;2020;121.7;121.8;124.4;128.4;136.7;121.39999999999999;122.68333333333334;126.97500000000001;-0.8660254037844386;0.5000000000000001
409;2023-11-01;120.6;111.6;116.5;121.0;124.1;161.4;2023;11;4;2020;120.7;121.7;121.8;124.5;136.0;121.0;122.03333333333332;125.69166666666666;-0.5000000000000004;0.8660254037844384
410;2023-12-01;119.1;111.2;118.7;122.8;122.3;134.2;2023;12;4;2020;120.6;120.7;121.7;123.0;133.1;120.13333333333333;121.38333333333333;124.52500000000002;-2.4492935982947064e-16;1.0
411;2024-01-01;117.6;108.9;118.7;119.9;122.5;136.4;2024;1;1;2020;119.1;120.6;120.7;124.4;131.4;119.10000000000001;120.25;123.375;0.49999999999999994;0.8660254037844387
412;2024-02-01;117.4;112.5;120.7;113.8;120.9;140.8;2024;2;1;2020;117.6;119.1;120.6;121.8;130.7;118.03333333333332;119.51666666666667;122.26666666666667;0.8660254037844386;0.5000000000000001
413;2024-03-01;118.9;114.9;124.0;110.9;130.6;133.4;2024;3;1;2020;117.4;117.6;119.1;121.7;128.0;117.96666666666668;119.05;121.50833333333333;1.0;6.123233995736766e-17
414;2024-04-01;119.2;116.6;123.8;111.6;130.9;126.6;2024;4;2;2020;118.9;117.4;117.6;120.7;128.4;118.5;118.8;120.74166666666667;0.8660254037844387;-0.4999999999999998
415;2024-05-01;120.5;116.7;126.3;118.7;127.8;117.1;2024;5;2;2020;119.2;118.9;117.4;120.6;124.5;119.53333333333335;118.78333333333335;120.40833333333335;0.49999999999999994;-0.8660254037844387
416;2024-06-01;121.0;118.1;127.9;115.2;131.8;119.4;2024;6;2;2020;120.5;119.2;118.9;119.1;123.0;120.23333333333333;119.10000000000001;120.24166666666667;1.2246467991473532e-16;-1.0
417;2024-07-01;120.9;120.0;127.8;110.7;135.0;119.5;2024;7;3;2020;121.0;120.5;119.2;117.6;124.4;120.8;119.64999999999999;119.95;-0.4999999999999997;-0.8660254037844388
418;2024-08-01;121.7;122.0;131.3;110.2;136.1;113.9;2024;8;3;2020;120.9;121.0;120.5;117.4;121.8;121.2;120.36666666666667;119.94166666666666;-0.8660254037844384;-0.5000000000000004
419;2024-09-01;124.6;119.9;136.5;113.6;142.4;126.3;2024;9;3;2020;121.7;120.9;121.0;118.9;121.7;122.39999999999999;121.31666666666668;120.18333333333334;-1.0;-1.8369701987210297e-16
420;2024-10-01;126.9;119.2;138.6;114.4;152.7;129.6;2024;10;4;2020;124.6;121.7;120.9;119.2;120.7;124.39999999999999;122.60000000000001;120.69999999999999;-0.8660254037844386;0.5000000000000001
421;2024-11-01;127.7;118.7;139.8;111.4;164.1;126.4;2024;11;4;2020;126.9;124.6;121.7;120.5;120.6;126.40000000000002;123.8;121.29166666666667;-0.5000000000000004;0.8660254037844384
422;2024-12-01;127.3;119.6;141.2;111.4;162.1;119.3;2024;12;4;2020;127.7;126.9;124.6;121.0;119.1;127.3;124.85000000000001;121.97499999999998;-2.4492935982947064e-16;1.0
423;2025-01-01;124.7;116.7;143.1;111.8;153.0;111.2;2025;1;1;2020;127.3;127.7;126.9;120.9;117.6;126.56666666666668;125.48333333333335;122.56666666666666;0.49999999999999994;0.8660254037844387
424;2025-02-01;126.6;116.9;147.7;112.6;156.0;118.5;2025;2;1;2020;124.7;127.3;127.7;121.7;117.4;126.2;126.3;123.33333333333333;0.8660254037844386;0.5000000000000001
425;2025-03-01;127.2;118.3;148.7;109.7;161.8;116.9;2025;3;1;2020;126.6;124.7;127.3;124.6;118.9;126.16666666666667;126.73333333333333;124.02499999999999;1.0;6.123233995736766e-17
426;2025-04-01;128.2;121.6;151.7;110.9;158.0;112.3;2025;4;2;2020;127.2;126.6;124.7;126.9;119.2;127.33333333333333;126.95;124.77499999999999;0.8660254037844387;-0.4999999999999998
427;2025-05-01;127.1;122.8;153.6;109.0;152.2;109.4;2025;5;2;2020;128.2;127.2;126.6;127.7;120.5;127.5;126.84999999999998;125.325;0.49999999999999994;-0.8660254037844387
428;2025-06-01;128.1;126.0;155.5;107.3;155.7;103.6;2025;6;2;2020;127.1;128.2;127.2;127.3;121.0;127.8;126.98333333333333;125.91666666666667;1.2246467991473532e-16;-1.0
429;2025-07-01;129.8;126.7;154.6;106.5;166.8;103.3;2025;7;3;2020;128.1;127.1;128.2;124.7;120.9;128.33333333333334;127.83333333333333;126.65833333333332;-0.4999999999999997;-0.8660254037844388
430;2025-08-01;130.0;127.8;152.3;105.7;169.1;103.6;2025;8;3;2020;129.8;128.1;127.1;126.6;121.7;129.29999999999998;128.4;127.35000000000001;-0.8660254037844384;-0.5000000000000004
431;2025-09-01;128.7;128.1;147.2;104.9;167.9;99.4;2025;9;3;2020;130.0;129.8;128.1;127.2;124.6;129.5;128.65;127.69166666666666;-1.0;-1.8369701987210297e-16
432;2025-10-01;126.6;125.5;141.9;103.6;169.4;94.1;2025;10;4;2020;128.7;130.0;129.8;128.2;126.9;128.43333333333334;128.38333333333335;127.66666666666667;-0.8660254037844386;0.5000000000000001
433;2025-11-01;125.1;124.6;137.5;105.5;165.0;88.6;2025;11;4;2020;126.6;128.7;130.0;127.1;127.7;126.8;128.04999999999998;127.45;-0.5000000000000004;0.8660254037844384
